"","BroodID","RingNumber","year","Species","Type","Sex","nSamples","AdateSample","timeSample","tube_ID","lab_ID","ClutchNumber","SubplotYear","TreatmentB","TreatmentG","Doublebox","ExpScore","TimeAfterSunrise","Sequence","WithinNestRep"
"1",1813,"CS87493",2023,1,"AM",1,1,56,"16:10","A_01_1","ND_0262",1,"A12023",0,0,0,71,10.7833333333333,1,"1813_AM"
"2",1813,NA,2023,1,"chick2",2,1,60,"10:47","A_01_4A","ND_0547",1,"A12023",0,0,0,NA,NA,NA,"1813_chick2"
"3",1813,NA,2023,1,"chick1",2,4,56,"17:30","A_01_3A","ND_0412",1,"A12023",0,0,0,NA,NA,NA,"1813_chick1"
"4",2344,NA,2024,1,"chick1",2,3,53,"10:07","A_01_3","ND_1164",1,"A12024",1,1,0,NA,NA,NA,"2344_chick1"
"5",1813,NA,2023,1,"chick2",2,1,60,"10:47","A_01_4B","ND_0536",1,"A12023",0,0,0,NA,NA,NA,"1813_chick2"
"6",1815,"C5A0766",2023,1,"AF",0,1,57,"11:22","A_03_2","ND_0355",1,"A12023",0,0,0,48,6,2,"1815_AF"
"7",1815,NA,2023,1,"chick1",2,1,57,"11:42","A_03_3C","ND_0391",1,"A12023",0,0,0,NA,NA,NA,"1815_chick1"
"8",1815,"CS87455",2023,1,"AM",1,1,57,"10:30","A_03_1","ND_0371",1,"A12023",0,0,0,71,5.13333333333333,1,"1815_AM"
"9",1815,NA,2023,1,"chick1",2,1,57,"11:42","A_03_3B","ND_0392",1,"A12023",0,0,0,NA,NA,NA,"1815_chick1"
"10",1815,NA,2023,1,"chick1",2,1,57,"11:42","A_03_3A","ND_0396",1,"A12023",0,0,0,NA,NA,NA,"1815_chick1"
"11",2347,NA,2024,2,"chick1",2,2,36,"09:35","A_04_3","ND_0872",1,"A12024",1,1,0,NA,NA,NA,"2347_chick1"
"12",1816,NA,2023,2,"chick2",2,4,68,"09:01","A_04_4","ND_0800",5,"A12023",0,0,0,NA,NA,NA,"1816_chick2"
"13",2347,"B5G6337",2024,2,"AF",0,1,36,"09:04","A_04_2","ND_0873",1,"A12024",1,1,0,80,3.28333333333333,2,"2347_AF"
"14",1816,"B5K0300",2023,2,"AF",0,1,65,"10:54","A_04_2","ND_0584",5,"A12023",0,0,0,53,5.63333333333333,1,"1816_AF"
"15",2348,NA,2024,1,"chick2",2,2,40,"13:24","A_05_4","ND_1019",1,"A12024",1,1,0,NA,NA,NA,"2348_chick2"
"16",1819,NA,2023,1,"chick1",2,1,53,"10:16","A_07_3","ND_0198",1,"A12023",0,0,0,NA,NA,NA,"1819_chick1"
"17",1819,NA,2023,1,"chick2",2,1,57,"07:15","A_07_4B","ND_0385",1,"A12023",0,0,0,NA,NA,NA,"1819_chick2"
"18",1819,"C5H7303",2023,1,"AM",1,1,53,"09:30","A_07_1","ND_0206",1,"A12023",0,0,0,36,4.06666666666667,1,"1819_AM"
"19",1819,NA,2023,1,"chick2",2,1,57,"07:15","A_07_4A","ND_0448",1,"A12023",0,0,0,NA,NA,NA,"1819_chick2"
"20",1821,"CS87466",2023,1,"AM",1,1,51,"08:15","A_09_1","ND_0138",1,"A12023",0,0,0,70,2.78333333333333,1,"1821_AM"
"21",1821,"C5H7063",2023,1,"AF",0,1,51,"08:47","A_09_2","ND_0137",1,"A12023",0,0,0,73,3.31666666666667,1,"1821_AF"
"22",2364,NA,2024,1,"chick2",2,1,46,"09:11","A_16_4","ND_1223",1,"A12024",1,1,0,NA,NA,NA,"2364_chick2"
"23",2364,NA,2024,1,"chick1",2,1,42,"11:17","A_16_3","ND_1043",1,"A12024",1,1,0,NA,NA,NA,"2364_chick1"
"24",1832,NA,2023,2,"chick2",2,2,60,"11:42","A_20_4A","ND_0543",1,"A12023",0,0,0,NA,NA,NA,"1832_chick2"
"25",1832,"B5K0232",2023,2,"AM",1,1,56,"15:15","A_20_1","ND_0250",1,"A12023",0,0,0,24,9.86666666666667,1,"1832_AM"
"26",1832,"B5G6337",2023,2,"AF",0,1,56,"16:20","A_20_2","ND_0266",1,"A12023",0,0,0,58,10.95,1,"1832_AF"
"27",1833,"C5H7279",2023,1,"AF",0,1,59,"11:26","A_21_2","ND_0480",1,"A12023",0,0,0,55,6.1,1,"1833_AF"
"28",1833,NA,2023,1,"chick2",2,1,62,"10:50","A_21_4","ND_0755",1,"A12023",0,0,0,NA,NA,NA,"1833_chick2"
"29",1833,"C5H7151",2023,1,"AM",1,1,59,"11:44","A_21_1","ND_0470",1,"A12023",0,0,0,45,6.4,1,"1833_AM"
"30",1836,NA,2023,2,"chick1",2,1,58,"17:53","A_24_3","ND_0765",1,"A12023",0,0,0,NA,NA,NA,"1836_chick1"
"31",1836,"B4P0479",2023,2,"AF",0,1,59,"11:48","A_24_2","ND_0488",1,"A12023",0,0,0,62,6.46666666666667,2,"1836_AF"
"32",1836,"B4P0633",2023,2,"AM",1,1,59,"12:15","A_24_1","ND_0464",1,"A12023",0,0,0,73,6.91666666666667,2,"1836_AM"
"33",1837,NA,2023,1,"chick2",2,2,52,"08:18","A_25_4A","ND_0125",1,"A12023",0,0,0,NA,NA,NA,"1837_chick2"
"34",1837,"C5H7054",2023,1,"AM",1,1,48,"11:10","A_25_1","ND_0062",1,"A12023",0,0,0,30,5.65,1,"1837_AM"
"35",1837,NA,2023,1,"chick1",2,1,48,"12:07","A_25_3","ND_0052",1,"A12023",0,0,0,NA,NA,NA,"1837_chick1"
"36",1839,"C5H7301",2023,1,"AM",1,1,53,"07:40","A_27_1","ND_0187",1,"A12023",0,0,0,34,2.23333333333333,1,"1839_AM"
"37",1839,"CS87503",2023,1,"AF",0,1,53,"09:00","A_27_2","ND_0180",1,"A12023",0,0,0,42,3.56666666666667,1,"1839_AF"
"38",2377,"C5H7694",2024,1,"AF",0,1,42,"10:07","A_28_2","ND_0964",1,"A12024",1,1,1,66,4.48333333333333,1,"2377_AF"
"39",2387,NA,2024,2,"chick1",2,2,40,"09:22","A_38_3","ND_1037",1,"A22024",0,1,0,NA,NA,NA,"2387_chick1"
"40",2387,NA,2024,2,"chick2",2,2,45,"09:20","A_38_4","ND_1220",1,"A22024",0,1,0,NA,NA,NA,"2387_chick2"
"41",2387,"B5K0922",2024,2,"AM",1,1,40,"08:31","A_38_1","ND_1046",1,"A22024",0,1,0,2,2.83333333333333,1,"2387_AM"
"42",2387,"B5K0921",2024,2,"AF",0,1,40,"08:15","A_38_2","ND_1066",1,"A22024",0,1,0,87,2.56666666666667,1,"2387_AF"
"43",2389,"B5G6018",2024,2,"AM",1,1,51,"09:11","A_40_1","ND_1160",1,"A22024",0,1,0,58,3.73333333333333,3,"2389_AM"
"44",1854,"C5H7338",2023,1,"AM",1,1,57,"08:28","A_42_1","ND_0362",1,"A22023",0,1,0,81,3.1,1,"1854_AM"
"45",1854,NA,2023,1,"chick2",2,3,63,"15:46","A_42_4B","ND_0698",1,"A22023",0,1,0,NA,NA,NA,"1854_chick2"
"46",2393,"B5K0067",2024,2,"AM",1,1,47,"09:43","A_44_1","ND_1243",1,"A22024",0,1,0,93,4.18333333333333,1,"2393_AM"
"47",1856,NA,2023,2,"chick1",2,1,57,"09:18","A_44_3C","ND_0832",1,"A22023",0,1,0,NA,NA,NA,"1856_chick1"
"48",1856,NA,2023,2,"chick1",2,1,57,"09:18","A_44_3A","ND_0350",1,"A22023",0,1,0,NA,NA,NA,"1856_chick1"
"49",1856,NA,2023,2,"chick2",2,1,62,"09:37","A_44_4","ND_0844",1,"A22023",0,1,0,NA,NA,NA,"1856_chick2"
"50",2393,NA,2024,2,"chick2",2,1,52,"09:44","A_44_4","ND_1289",1,"A22024",0,1,0,NA,NA,NA,"2393_chick2"
"51",2393,"B5K0066",2024,2,"AF",0,1,47,"09:00","A_44_2","ND_1234",1,"A22024",0,1,0,69,3.46666666666667,1,"2393_AF"
"52",1863,"B5G6026",2023,2,"AF",0,1,59,"13:22","A_48_2","ND_0469",1,"A22023",0,1,0,39,3.66666666666667,1,"1863_AF"
"53",1863,NA,2023,2,"chick2",2,2,62,"10:18","A_48_4","ND_0845",1,"A22023",0,1,0,NA,NA,NA,"1863_chick2"
"54",1867,"B5G6018",2023,2,"AM",1,1,59,"15:00","A_50_1","ND_0472",1,"A22023",0,1,0,77,9.66666666666667,2,"1867_AM"
"55",1867,NA,2023,2,"chick1",2,2,58,"18:23","A_50_3","ND_0762",1,"A22023",0,1,0,NA,NA,NA,"1867_chick1"
"56",1867,"B4P0648",2023,2,"AF",0,1,59,"13:48","A_50_2","ND_0489",1,"A22023",0,1,0,47,8.46666666666667,2,"1867_AF"
"57",2401,"CS87569",2024,1,"AM",1,1,45,"08:58","A_52_1","ND_1229",1,"A22024",0,1,0,59,3.4,2,"2401_AM"
"58",1871,NA,2023,1,"chick2",2,1,56,"17:50","A_52_4","ND_0394",1,"A22023",0,1,0,NA,NA,NA,"1871_chick2"
"59",2401,NA,2024,1,"chick1",2,2,45,"08:40","A_52_3","ND_1014",1,"A22024",0,1,0,NA,NA,NA,"2401_chick1"
"60",1873,NA,2023,1,"chick2",2,2,59,"16:00","A_53_4","ND_0497",1,"A22023",0,1,0,NA,NA,NA,"1873_chick2"
"61",1873,"C5H7312",2023,1,"AF",0,1,55,"07:45","A_53_2","ND_0304",1,"A22023",0,1,0,NA,NA,NA,"1873_AF"
"62",1873,"C3F7585",2023,1,"AM",1,1,57,"10:49","A_53_1","ND_0361",1,"A22023",0,1,0,82,5.45,1,"1873_AM"
"63",1874,NA,2023,2,"chick2",2,2,77,"11:00","A_54_4","ND_0748",5,"A22023",0,1,0,NA,NA,NA,"1874_chick2"
"64",1874,"B5K1356",2023,2,"AF",0,1,73,"10:00","A_54_2","ND_0733",5,"A22023",0,1,0,46,4.78333333333333,1,"1874_AF"
"65",2403,NA,2024,2,"chick2",2,2,43,"14:55","A_54_4","ND_1000",1,"A22024",0,1,0,NA,NA,NA,"2403_chick2"
"66",1874,NA,2023,2,"chick1",2,4,73,"10:17","A_54_3","ND_0721",5,"A22023",0,1,0,NA,NA,NA,"1874_chick1"
"67",2403,NA,2024,2,"chick1",2,2,38,NA,"A_54_3","ND_0914",1,"A22024",0,1,0,NA,NA,NA,"2403_chick1"
"68",1880,NA,2023,1,"chick1",2,2,61,"10:35","A_57_3B","ND_0550",1,"A22023",0,1,0,NA,NA,NA,"1880_chick1"
"69",1880,"C5H8347",2023,1,"AM",1,1,61,"09:25","A_57_1","ND_0643",1,"A22023",0,1,0,62,4.1,1,"1880_AM"
"70",1880,NA,2023,1,"chick1",2,1,61,"10:35","A_57_3C","ND_0627",1,"A22023",0,1,0,NA,NA,NA,"1880_chick1"
"71",1882,NA,2023,2,"chick1",2,2,59,"14:57","A_58_3","ND_0476",1,"A22023",0,1,0,NA,NA,NA,"1882_chick1"
"72",1886,"CS87929",2023,1,"AF",0,1,63,"15:00","A_60_2","ND_0596",1,"A22023",0,1,0,64,9.71666666666667,2,"1886_AF"
"73",1886,NA,2023,1,"chick1",2,3,63,"15:01","A_60_3A","ND_0599",1,"A22023",0,1,0,NA,NA,NA,"1886_chick1"
"74",1886,"CS87928",2023,1,"AM",1,1,63,"14:16","A_60_1","ND_0600",1,"A22023",0,1,0,62,8.98333333333333,2,"1886_AM"
"75",1889,"C5H7364",2023,1,"AF",0,1,60,"09:22","A_62_2","ND_0529",1,"A22023",0,1,0,86,4.03333333333333,1,"1889_AF"
"76",2411,"C5H7909",2024,1,"AF",0,1,40,"12:28","A_62_2","ND_1018",1,"A22024",0,1,0,88,6.78333333333333,1,"2411_AF"
"77",2411,NA,2024,1,"chick1",2,2,40,"13:10","A_62_3","ND_1028",1,"A22024",0,1,0,NA,NA,NA,"2411_chick1"
"78",1890,NA,2023,1,"chick2",2,1,65,"11:32","A_63_4B","ND_0807",1,"A22023",0,1,0,NA,NA,NA,"1890_chick2"
"79",1890,"C5H8366",2023,1,"AF",0,1,62,"08:25","A_63_2","ND_0588",1,"A22023",0,1,0,83,3.11666666666667,1,"1890_AF"
"80",1890,NA,2023,1,"chick1",2,1,61,"10:13","A_63_3","ND_0548",1,"A22023",0,1,0,NA,NA,NA,"1890_chick1"
"81",1890,NA,2023,1,"chick2",2,2,65,"11:32","A_63_4A","ND_0815",1,"A22023",0,1,0,NA,NA,NA,"1890_chick2"
"82",1892,NA,2023,1,"chick1",2,1,54,"08:52","A_65_3","ND_0217",1,"A22023",0,1,0,NA,NA,NA,"1892_chick1"
"83",1892,"C5H7304",2023,1,"AF",0,1,54,"08:52","A_65_2","ND_0196",1,"A22023",0,1,0,NA,NA,NA,"1892_AF"
"84",1892,"CS87979",2023,1,"AM",1,1,54,"07:45","A_65_1","ND_0202",1,"A22023",0,1,0,NA,NA,NA,"1892_AM"
"85",2415,NA,2024,2,"chick2",2,3,45,"09:55","A_66_4","ND_1015",1,"A22024",0,1,0,NA,NA,NA,"2415_chick2"
"86",1894,NA,2023,2,"chick1",2,3,59,"15:09","A_67_3","ND_0455",1,"A22023",0,1,0,NA,NA,NA,"1894_chick1"
"87",1894,"B5K0240",2023,2,"AF",0,1,59,"14:15","A_67_2","ND_0465",1,"A22023",0,1,0,47,8.91666666666667,1,"1894_AF"
"88",2417,"B5G6702",2024,2,"AF",0,1,36,"10:58","A_68_2","ND_0875",1,"A22024",0,1,0,63,5.18333333333333,1,"2417_AF"
"89",2417,NA,2024,2,"chick2",2,2,40,"10:58","A_68_4","ND_1038",1,"A22024",0,1,0,NA,NA,NA,"2417_chick2"
"90",2417,NA,2024,2,"chick1",2,3,36,"11:33","A_68_3","ND_0876",1,"A22024",0,1,0,NA,NA,NA,"2417_chick1"
"91",2417,"B5G6701",2024,2,"AM",1,1,36,"10:24","A_68_1","ND_0874",1,"A22024",0,1,0,57,4.61666666666667,1,"2417_AM"
"92",2418,"C3F7381",2024,1,"AF",0,1,40,"08:20","A_69_2","ND_1075",1,"A22024",0,1,0,55,2.65,1,"2418_AF"
"93",2418,"C5H7147",2024,1,"AM",1,1,40,"08:06","A_69_1","ND_1057",1,"A22024",0,1,0,50,2.41666666666667,1,"2418_AM"
"94",2418,NA,2024,1,"chick1",2,1,40,"09:33","A_69_3","ND_1027",1,"A22024",0,1,0,NA,NA,NA,"2418_chick1"
"95",1897,"C5H8348",2023,1,"AF",0,1,61,"11:58","A_70_2","ND_0629",1,"A22023",0,1,0,56,6.65,1,"1897_AF"
"96",1898,NA,2023,2,"chick1",2,1,54,"12:08","B_01_3","ND_0167",1,"B12023",0,0,0,NA,NA,NA,"1898_chick1"
"97",1898,"B5K0660",2023,2,"AF",0,1,58,"14:20","B_01_2","ND_0773",1,"B12023",0,0,0,50,8.98333333333333,1,"1898_AF"
"98",2490,NA,2024,2,"chick2",2,2,45,"11:04","B_01_4","ND_0930",1,"B12024",1,1,0,NA,NA,NA,"2490_chick2"
"99",1898,NA,2023,2,"chick2",2,3,59,"17:00","B_01_4","ND_0618",1,"B12023",0,0,0,NA,NA,NA,"1898_chick2"
"100",2490,NA,2024,2,"chick1",2,2,40,"15:22","B_01_3","ND_1045",1,"B12024",1,1,0,NA,NA,NA,"2490_chick1"
"101",2490,"B5K0955",2024,2,"AM",1,1,41,"14:11","B_01_1","ND_1022",1,"B12024",1,1,0,56,8.53333333333333,1,"2490_AM"
"102",2491,"CS87586",2024,1,"AF",0,1,43,"10:13","B_02_2","ND_0952",1,"B12024",1,1,0,61,4.6,1,"2491_AF"
"103",2491,"C5A0376",2024,1,"AM",1,1,43,"10:51","B_02_1","ND_1162",1,"B12024",1,1,0,89,5.23333333333333,1,"2491_AM"
"104",2492,NA,2024,2,"chick1",2,3,35,"09:13","B_03_3","ND_0854",1,"B12024",1,1,0,NA,NA,NA,"2492_chick1"
"105",2492,"B5G6366",2024,2,"AF",0,1,35,"08:13","B_03_2","ND_0853",1,"B12024",1,1,0,70,2.41666666666667,2,"2492_AF"
"106",1900,NA,2023,2,"chick2",2,2,55,"14:20","B_03_4","ND_0283",1,"B12023",0,0,0,NA,NA,NA,"1900_chick2"
"107",1900,"B5G6366",2023,2,"AF",0,1,50,"09:23","B_03_2","ND_0068",1,"B12023",0,0,0,37,3.9,1,"1900_AF"
"108",1900,NA,2023,2,"chick1",2,1,50,"10:43","B_03_3B","ND_0066",1,"B12023",0,0,0,NA,NA,NA,"1900_chick1"
"109",1900,NA,2023,2,"chick1",2,1,50,"10:43","B_03_3A","ND_0067",1,"B12023",0,0,0,NA,NA,NA,"1900_chick1"
"110",2492,NA,2024,2,"chick2",2,2,48,"13:27","B_03_4A","ND_0913",1,"B12024",1,1,0,NA,NA,NA,"2492_chick2"
"111",2494,NA,2024,2,"chick2",2,2,41,"14:50","B_05_4","ND_1069",1,"B12024",1,1,0,NA,NA,NA,"2494_chick2"
"112",2494,NA,2024,2,"chick1",2,1,36,"12:50","B_05_3","ND_0899",1,"B12024",1,1,0,NA,NA,NA,"2494_chick1"
"113",1902,NA,2023,2,"chick1",2,2,52,"13:06","B_05_3A","ND_0116",1,"B12023",0,0,0,NA,NA,NA,"1902_chick1"
"114",1902,"B5G6913",2023,2,"AF",0,1,52,"12:12","B_05_2","ND_0119",1,"B12023",0,0,0,NA,NA,NA,"1902_AF"
"115",1902,NA,2023,2,"chick2",2,1,57,"17:30","B_05_4","ND_0348",1,"B12023",0,0,0,NA,NA,NA,"1902_chick2"
"116",1902,NA,2023,2,"chick1",2,1,52,"13:06","B_05_3B","ND_0118",1,"B12023",0,0,0,NA,NA,NA,"1902_chick1"
"117",2495,"C3R6100",2024,1,"AF",0,1,44,"13:20","B_06_2","ND_1246",1,"B12024",1,1,0,NA,NA,NA,"2495_AF"
"118",1903,NA,2023,1,"chick1",2,3,76,"09:26","B_06_3A","ND_0838",1,"B12023",0,0,0,NA,NA,NA,"1903_chick1"
"119",1903,NA,2023,1,"chick1",2,1,76,"09:26","B_06_3B","ND_0749",1,"B12023",0,0,0,NA,NA,NA,"1903_chick1"
"120",1903,"C3F7406",2023,1,"AF",0,1,77,"09:36","B_06_2","ND_0751",1,"B12023",0,0,0,NA,NA,NA,"1903_AF"
"121",1903,NA,2023,1,"chick2",2,3,80,"16:22","B_06_4","ND_0840",1,"B12023",0,0,0,NA,NA,NA,"1903_chick2"
"122",2496,NA,2024,2,"chick1",2,3,39,"11:35","B_07_3","ND_1146",1,"B22024",0,0,0,NA,NA,NA,"2496_chick1"
"123",1904,NA,2023,2,"chick1",2,2,55,"10:13","B_07_3","ND_0237",1,"B22023",1,0,0,NA,NA,NA,"1904_chick1"
"124",1904,"B4P0276",2023,2,"AM",1,1,55,"09:00","B_07_1","ND_0235",1,"B22023",1,0,0,NA,NA,NA,"1904_AM"
"125",1904,"B5G6341",2023,2,"AF",0,1,55,"08:40","B_07_2","ND_0223",1,"B22023",1,0,0,NA,NA,NA,"1904_AF"
"126",1904,NA,2023,2,"chick2",2,6,60,"14:47","B_07_4B","ND_0524",1,"B22023",1,0,0,NA,NA,NA,"1904_chick2"
"127",2496,"B5G6341",2024,2,"AF",0,1,41,"12:28","B_07_2","ND_1080",1,"B22024",0,0,0,55,6.81666666666667,1,"2496_AF"
"128",1905,NA,2023,1,"chick1",2,1,50,"13:25","B_08_3","ND_0061",1,"B22023",1,0,0,NA,NA,NA,"1905_chick1"
"129",1905,"C5H7208",2023,1,"AF",0,1,50,"12:52","B_08_2","ND_0065",1,"B22023",1,0,0,65,7.38333333333333,1,"1905_AF"
"130",2498,NA,2024,2,"chick2",2,3,47,"11:09","B_09_4","ND_1253",1,"B22024",0,0,0,NA,NA,NA,"2498_chick2"
"131",2498,"B5K1208",2024,2,"AM",1,1,43,"08:15","B_09_1","ND_0963",1,"B22024",0,0,0,23,2.63333333333333,1,"2498_AM"
"132",2498,"B5G6519",2024,2,"AF",0,1,43,"08:43","B_09_2","ND_0936",1,"B22024",0,0,0,81,3.1,2,"2498_AF"
"133",2498,NA,2024,2,"chick1",2,0,44,"13:39","B_09_3","ND_0973",1,"B22024",0,0,0,NA,NA,NA,"2498_chick1"
"134",2499,"C3F7410",2024,1,"AF",0,1,43,"08:20","B_10_2","ND_0943",1,"B22024",0,0,0,87,2.71666666666667,1,"2499_AF"
"135",1907,NA,2023,1,"chick1",2,2,55,"10:05","B_10_3","ND_0230",1,"B22023",1,0,0,NA,NA,NA,"1907_chick1"
"136",1907,"C3F7410",2023,1,"AF",0,1,55,"08:36","B_10_2","ND_0233",1,"B22023",1,0,0,NA,NA,NA,"1907_AF"
"137",2500,"B5G7356",2024,2,"AF",0,1,48,"08:56","B_11_2","ND_1267",1,"B22024",0,0,0,65,3.43333333333333,1,"2500_AF"
"138",2500,NA,2024,2,"chick2",2,4,53,"09:05","B_11_4","ND_1290",1,"B22024",0,0,0,NA,NA,NA,"2500_chick2"
"139",2500,"B4P0032",2024,2,"AM",1,1,48,"09:34","B_11_1","ND_1236",1,"B22024",0,0,0,79,4.06666666666667,2,"2500_AM"
"140",1913,"B5K0662",2023,2,"AM",1,1,60,"14:32","B_16_1","ND_0531",1,"B22023",1,0,0,33,9.2,1,"1913_AM"
"141",1913,NA,2023,2,"chick2",2,1,65,"10:00","B_16_4B","ND_0745",1,"B22023",1,0,0,NA,NA,NA,"1913_chick2"
"142",1913,NA,2023,2,"chick1",2,3,60,"15:28","B_16_3","ND_0510",1,"B22023",1,0,0,NA,NA,NA,"1913_chick1"
"143",1913,"B4P0129",2023,2,"AF",0,1,60,"15:15","B_16_2","ND_0549",1,"B22023",1,0,0,71,9.91666666666667,3,"1913_AF"
"144",1913,NA,2023,2,"chick2",2,3,65,"10:00","B_16_4A","ND_0818",1,"B22023",1,0,0,NA,NA,NA,"1913_chick2"
"145",1914,NA,2023,2,"chick2",2,3,60,"14:35","B_17_4","ND_0533",1,"B22023",1,0,0,NA,NA,NA,"1914_chick2"
"146",2511,"C3F7551",2024,1,"AM",1,1,41,"14:05","B_21_1","ND_1041",1,"B12024",1,1,1,72,8.43333333333333,1,"2511_AM"
"147",2511,NA,2024,1,"chick2",2,2,45,"11:45","B_21_4","ND_1013",1,"B12024",1,1,0,NA,NA,NA,"2511_chick2"
"148",2511,NA,2024,1,"chick1",2,2,41,"15:12","B_21_3","ND_1078",1,"B12024",1,1,0,NA,NA,NA,"2511_chick1"
"149",2513,NA,2024,1,"chick1",2,1,42,"13:50","B_22_3","ND_0945",1,"B12024",1,1,0,NA,NA,NA,"2513_chick1"
"150",1923,"B4P0292",2023,2,"AM",1,1,59,"16:15","B_24_1","ND_0482",1,"B12023",0,0,0,49,10.9166666666667,2,"1923_AM"
"151",1926,NA,2023,2,"chick1",2,1,48,"09:00","B_26_3","ND_0064",1,"B12023",0,0,0,NA,NA,NA,"1926_chick1"
"152",2517,"B5G6042",2024,2,"AM",1,1,45,"09:27","B_26_1","ND_1211",1,"B12024",1,1,0,15,3.88333333333333,1,"2517_AM"
"153",2517,"B5K0119",2024,2,"AF",0,1,45,"10:40","B_26_2","ND_1240",1,"B12024",1,1,0,56,5.1,1,"2517_AF"
"154",2517,NA,2024,2,"chick2",2,2,45,NA,"B_26_4","ND_1259",1,"B12024",1,1,0,NA,NA,NA,"2517_chick2"
"155",1926,NA,2023,2,"chick2",2,3,52,"11:42","B_26_4","ND_0113",1,"B12023",0,0,0,NA,NA,NA,"1926_chick2"
"156",1926,"B5K0603",2023,2,"AF",0,1,48,"08:00","B_26_2","ND_0051",1,"B12023",0,0,0,54,2.48333333333333,1,"1926_AF"
"157",2518,NA,2024,1,"chick2",2,2,46,"11:43","B_27_4","ND_1206",1,"B12024",1,1,0,NA,NA,NA,"2518_chick2"
"158",2518,NA,2024,1,"chick1",2,1,42,"13:36","B_27_3","ND_0954",1,"B12024",1,1,0,NA,NA,NA,"2518_chick1"
"159",1928,"C5A0386",2023,1,"AF",0,1,61,"12:30","B_27_2","ND_0532",1,"B12023",0,0,0,56,7.18333333333333,2,"1928_AF"
"160",1928,NA,2023,1,"chick2",2,2,61,"12:51","B_27_4B","ND_0509",1,"B12023",0,0,0,NA,NA,NA,"1928_chick2"
"161",1928,"C3F5930",2023,1,"AM",1,1,59,"16:40","B_27_1","ND_0461",1,"B12023",0,0,0,50,11.3333333333333,3,"1928_AM"
"162",2519,NA,2024,2,"chick1",2,0,0,NA,"B_28_3","ND_0894",1,"B12024",1,1,0,NA,NA,NA,"2519_chick1"
"163",2519,NA,2024,2,"chick2",2,3,42,"12:35","B_28_4","ND_1033",1,"B12024",1,1,0,NA,NA,NA,"2519_chick2"
"164",1933,NA,2023,1,"chick1",2,2,46,"09:57","B_31_3","ND_0032",1,"B22023",1,0,0,NA,NA,NA,"1933_chick1"
"165",2522,NA,2024,1,"chick1",2,2,41,"13:01","B_31_3","ND_1031",1,"B22024",0,0,0,NA,NA,NA,"2522_chick1"
"166",1933,NA,2023,1,"chick2",2,2,50,"11:51","B_31_4","ND_0074",1,"B22023",1,0,0,NA,NA,NA,"1933_chick2"
"167",1933,"CS87061",2023,1,"AF",0,1,48,"10:00","B_31_2","ND_0063",1,"B22023",1,0,0,99,4.48333333333333,1,"1933_AF"
"168",2522,NA,2024,1,"chick2",2,5,45,"12:14","B_31_4A","ND_1248",1,"B22024",0,0,0,NA,NA,NA,"2522_chick2"
"169",1934,NA,2023,2,"chick2",2,1,73,"11:50","B_32_4","ND_0729",5,"B22023",1,0,0,NA,NA,NA,"1934_chick2"
"170",1934,NA,2023,2,"chick1",2,4,68,"09:27","B_32_3","ND_0835",5,"B22023",1,0,0,NA,NA,NA,"1934_chick1"
"171",2523,NA,2024,2,"chick2",2,3,51,"09:02","B_32_4","ND_1227",1,"B22024",0,0,0,NA,NA,NA,"2523_chick2"
"172",2523,"B5K0065",2024,2,"AF",0,1,46,"11:05","B_32_2","ND_1205",1,"B22024",0,0,0,42,5.53333333333333,1,"2523_AF"
"173",2523,NA,2024,2,"chick1",2,2,46,"12:07","B_32_3","ND_1216",1,"B22024",0,0,0,NA,NA,NA,"2523_chick1"
"174",1936,"B4P0101",2023,2,"AF",0,1,54,"09:45","B_34_2","ND_0314",1,"B22023",1,0,0,NA,NA,NA,"1936_AF"
"175",1936,"B5K0214",2023,2,"AM",1,1,54,"10:21","B_34_1","ND_0292",1,"B22023",1,0,0,NA,NA,NA,"1936_AM"
"176",1939,NA,2023,2,"chick1",2,3,52,"10:25","B_37_3","ND_0481",1,"B22023",1,0,0,NA,NA,NA,"1939_chick1"
"177",1939,"B4P0242",2023,2,"AM",1,1,52,"09:05","B_37_1","ND_0110",1,"B22023",1,0,0,NA,NA,NA,"1939_AM"
"178",1939,"B5G6519",2023,2,"AF",0,1,52,"10:25","B_37_2","ND_0111",1,"B22023",1,0,0,NA,NA,NA,"1939_AF"
"179",1939,NA,2023,2,"chick2",2,NA,57,"17:36","B_37_4","ND_0376",1,"B22023",1,0,0,NA,NA,NA,"1939_chick2"
"180",1940,"C3F7638",2023,1,"AM",1,1,72,"07:56","B_38_1","ND_0730",1,"B22023",1,0,0,NA,NA,NA,"1940_AM"
"181",1941,"CS87432",2023,1,"AF",0,1,39,"09:25","B_39_2","ND_0003",1,"B12023",0,0,0,69,3.7,2,"1941_AF"
"182",1941,NA,2023,1,"chick2",2,2,43,"12:10","B_39_4","ND_0007",1,"B12023",0,0,0,NA,NA,NA,"1941_chick2"
"183",1941,NA,2023,1,"chick1",2,2,39,"10:00","B_39_3","ND_0004",1,"B12023",0,0,0,NA,NA,NA,"1941_chick1"
"184",1941,"C3F7703",2023,1,"AM",1,1,40,"08:20","B_39_1","ND_0005",1,"B12023",0,0,0,33,2.63333333333333,4,"1941_AM"
"185",2531,NA,2024,2,"chick2",2,2,44,"12:30","B_40_4","ND_1239",1,"B12024",1,1,0,NA,NA,NA,"2531_chick2"
"186",1944,NA,2023,1,"chick2",2,1,51,"13:08","B_41_4A","ND_0151",1,"B12023",0,0,0,NA,NA,NA,"1944_chick2"
"187",1944,"C5A0372",2023,1,"AF",0,1,51,"08:11","B_41_2","ND_0160",1,"B12023",0,0,0,71,2.71666666666667,2,"1944_AF"
"188",1944,NA,2023,1,"chick2",2,1,51,"13:08","B_41_4B","ND_0148",1,"B12023",0,0,0,NA,NA,NA,"1944_chick2"
"189",1944,"C3F7517",2023,1,"AM",1,1,51,"07:51","B_41_1","ND_0157",1,"B12023",0,0,0,57,2.38333333333333,1,"1944_AM"
"190",1946,NA,2023,2,"chick2",2,1,56,"15:20","B_42_4A","ND_0378",1,"B12023",0,0,0,NA,NA,NA,"1946_chick2"
"191",1946,"B5K0202",2023,2,"AM",1,1,51,"08:15","B_42_1","ND_0161",1,"B12023",0,0,0,37,2.78333333333333,1,"1946_AM"
"192",1946,"B4P1981",2023,2,"AF",0,1,51,"07:46","B_42_2","ND_0158",1,"B12023",0,0,0,53,2.3,1,"1946_AF"
"193",1946,NA,2023,2,"chick1",2,3,51,"12:57","B_42_3","ND_0147",1,"B12023",0,0,0,NA,NA,NA,"1946_chick1"
"194",1946,NA,2023,2,"chick2",2,1,56,"15:20","B_42_4B","ND_0386",1,"B12023",0,0,0,NA,NA,NA,"1946_chick2"
"195",2533,"B5K0935",2024,2,"AM",1,1,41,"08:37","B_42_1","ND_1050",1,"B12024",1,1,0,24,2.96666666666667,1,"2533_AM"
"196",1948,NA,2023,1,"chick2",2,1,54,"11:08","B_43_4","ND_0211",1,"B12023",0,0,0,NA,NA,NA,"1948_chick2"
"197",1948,"C5A0443",2023,1,"AM",1,1,50,"08:43","B_43_1","ND_0071",1,"B12023",0,0,0,51,3.23333333333333,3,"1948_AM"
"198",1948,NA,2023,1,"chick1",2,1,50,"10:48","B_43_3","ND_0070",1,"B12023",0,0,0,NA,NA,NA,"1948_chick1"
"199",2537,"C5H7521",2024,1,"AF",0,1,45,"09:44","B_45_2","ND_1184",1,"B12024",1,1,1,91,4.16666666666667,1,"2537_AF"
"200",2537,"C5H7522",2024,1,"AM",1,1,45,"10:34","B_45_1","ND_1250",1,"B12024",1,1,1,57,5,1,"2537_AM"
"201",2538,NA,2024,2,"chick2",2,2,44,"11:50","B_45a_4","ND_1193",1,"B12024",1,1,1,NA,NA,NA,"2538_chick2"
"202",2538,"B5G6062",2024,2,"AM",1,1,39,"08:07","B_45a_1","ND_1138",1,"B12024",1,1,1,35,2.41666666666667,1,"2538_AM"
"203",2540,"C3F7703",2024,1,"AM",1,1,35,"08:52","B_46a_1","ND_0855",1,"B12024",1,1,1,70,3.06666666666667,5,"2540_AM"
"204",2540,NA,2024,1,"chick2",2,3,35,"09:34","B_46a_4","ND_0856",1,"B12024",1,1,1,NA,NA,NA,"2540_chick2"
"205",1955,"C5H7116",2023,1,"AM",1,1,51,"08:23","B_47_1","ND_0155",1,"B12023",0,0,0,NA,NA,NA,"1955_AM"
"206",1955,NA,2023,1,"chick2",2,3,55,"12:54","B_47_4A","ND_0300",1,"B12023",0,0,0,NA,NA,NA,"1955_chick2"
"207",1955,NA,2023,1,"chick2",2,1,55,"12:54","B_47_4C","ND_0220",1,"B12023",0,0,0,NA,NA,NA,"1955_chick2"
"208",1955,"C5H7118",2023,1,"AF",0,1,51,"09:57","B_47_2","ND_0154",1,"B12023",0,0,0,NA,NA,NA,"1955_AF"
"209",1955,NA,2023,1,"chick1",2,2,51,"13:22","B_47_3","ND_0150",1,"B12023",0,0,0,NA,NA,NA,"1955_chick1"
"210",2542,NA,2024,2,"chick2",2,3,46,"11:15","B_48_4","ND_1187",1,"B22024",0,0,0,NA,NA,NA,"2542_chick2"
"211",1956,"B5K0601",2023,2,"AF",0,1,47,"12:04","B_48_2","ND_0042",1,"B22023",1,0,0,26,6.51666666666667,1,"1956_AF"
"212",2542,"B5K0945",2024,2,"AM",1,1,41,"10:13","B_48_1","ND_1079",1,"B22024",0,0,0,47,4.56666666666667,1,"2542_AM"
"213",2542,"B5K1436",2024,2,"AF",0,1,41,"09:55","B_48_2","ND_1070",1,"B22024",0,0,0,74,4.26666666666667,1,"2542_AF"
"214",1956,NA,2023,2,"chick2",2,5,52,"12:03","B_48_4","ND_0117",1,"B22023",1,0,0,NA,NA,NA,"1956_chick2"
"215",2542,NA,2024,2,"chick1",2,3,41,"11:16","B_48_3","ND_1088",1,"B22024",0,0,0,NA,NA,NA,"2542_chick1"
"216",1956,NA,2023,2,"chick1",2,1,47,"12:50","B_48_3","ND_0041",1,"B22023",1,0,0,NA,NA,NA,"1956_chick1"
"217",2543,"C5H7912",2024,1,"AF",0,1,41,"10:46","B_49_2","ND_1061",1,"B22024",0,0,0,66,5.11666666666667,1,"2543_AF"
"218",2543,NA,2024,1,"chick1",2,1,39,"13:16","B_49_3","ND_1139",1,"B22024",0,0,0,NA,NA,NA,"2543_chick1"
"219",1958,NA,2023,2,"chick2",2,3,62,"14:05","B_50_4A","ND_0679",1,"B22023",1,0,0,NA,NA,NA,"1958_chick2"
"220",1958,NA,2023,2,"chick1",2,NA,57,"18:00","B_50_3","ND_0475",1,"B22023",1,0,0,NA,NA,NA,"1958_chick1"
"221",1958,NA,2023,2,"chick2",2,1,62,"14:05","B_50_4B","ND_0650",1,"B22023",1,0,0,NA,NA,NA,"1958_chick2"
"222",1959,NA,2023,1,"chick2",2,3,58,"16:45","B_51_4","ND_0761",1,"B22023",1,0,0,NA,NA,NA,"1959_chick2"
"223",1959,"C5A0540",2023,1,"AM",1,1,55,"08:15","B_51_1","ND_0236",1,"B22023",1,0,0,NA,NA,NA,"1959_AM"
"224",1959,NA,2023,1,"chick1",2,4,54,"11:19","B_51_3B","ND_0190",1,"B22023",1,0,0,NA,NA,NA,"1959_chick1"
"225",2545,"C5H7002",2024,1,"AM",1,1,35,"10:27","B_51_1","ND_0858",1,"B22024",0,0,0,51,4.65,2,"2545_AM"
"226",1959,"C3M0342",2023,1,"AF",0,1,54,"10:20","B_51_2","ND_0273",1,"B22023",1,0,0,NA,NA,NA,"1959_AF"
"227",2545,NA,2024,1,"chick1",2,2,35,"11:29","B_51_3","ND_0912",1,"B22024",0,0,0,NA,NA,NA,"2545_chick1"
"228",2545,"CS87061",2024,1,"AF",0,1,36,"10:00","B_51_2","ND_0897",1,"B22024",0,0,0,108,4.21666666666667,2,"2545_AF"
"229",1962,"B4P0211",2023,2,"AM",1,1,77,"10:00","B_54_1","ND_0746",5,"B22023",1,0,0,NA,NA,NA,"1962_AM"
"230",1962,"B5G6493",2023,2,"AF",0,1,77,"09:17","B_54_2","ND_0830",5,"B22023",1,0,0,NA,NA,NA,"1962_AF"
"231",2806,"B5K0540",2024,2,"AM",1,1,41,"10:10","B_55a_1","ND_1032",1,"B22024",1,1,1,50,4.51666666666667,1,"2806_AM"
"232",2806,"B5K0946",2024,2,"AF",0,1,41,"10:46","B_55a_2","ND_1098",1,"B22024",1,1,1,94,5.11666666666667,2,"2806_AF"
"233",1964,"B5G6539",2023,2,"AF",0,1,55,"10:50","B_56_2","ND_0222",1,"B12023",0,0,0,NA,NA,NA,"1964_AF"
"234",1964,"B5G7403",2023,2,"AM",1,1,55,"11:00","B_56_1","ND_0244",1,"B12023",0,0,0,NA,NA,NA,"1964_AM"
"235",1964,NA,2023,2,"chick2",2,4,60,"15:59","B_56_4A","ND_0508",1,"B12023",0,0,0,NA,NA,NA,"1964_chick2"
"236",1966,NA,2023,1,"chick1",2,1,55,"12:18","B_57_3","ND_0296",1,"B12023",0,0,0,NA,NA,NA,"1966_chick1"
"237",1966,"C3F6157",2023,1,"AM",1,1,55,"11:20","B_57_1","ND_0302",1,"B12023",0,0,0,NA,NA,NA,"1966_AM"
"238",1966,"C5A0397",2023,1,"AF",0,1,55,"11:12","B_57_2","ND_0219",1,"B12023",0,0,0,NA,NA,NA,"1966_AF"
"239",1966,NA,2023,1,"chick2",2,NA,59,"17:56","B_57_4","ND_0617",1,"B12023",0,0,0,NA,NA,NA,"1966_chick2"
"240",2552,"B5K0936",2024,2,"AF",0,1,41,"08:43","B_58_2","ND_1042",1,"B12024",1,1,0,37,3.06666666666667,1,"2552_AF"
"241",1968,NA,2023,2,"chick1",2,1,51,"12:43","B_58_3C","ND_0156",1,"B12023",0,0,0,NA,NA,NA,"1968_chick1"
"242",1968,NA,2023,2,"chick1",2,3,51,"12:43","B_58_3A","ND_0374",1,"B12023",0,0,0,NA,NA,NA,"1968_chick1"
"243",2552,"B5G6388",2024,2,"AM",1,1,41,"08:06","B_58_1","ND_1089",1,"B12024",1,1,0,38,2.45,1,"2552_AM"
"244",1968,NA,2023,2,"chick1",2,2,51,"12:43","B_58_3B","ND_0375",1,"B12023",0,0,0,NA,NA,NA,"1968_chick1"
"245",1968,"B4P0737",2023,2,"AM",1,1,51,"08:20","B_58_1","ND_0159",1,"B12023",0,0,0,NA,NA,NA,"1968_AM"
"246",2552,NA,2024,2,"chick1",2,3,40,"14:28","B_58_3","ND_1056",1,"B12024",1,1,0,NA,NA,NA,"2552_chick1"
"247",2553,NA,2024,1,"chick2",2,0,0,NA,"B_59_4","ND_1060",1,"B12024",1,1,0,NA,NA,NA,"2553_chick2"
"248",2807,"B4P1531",2024,2,"AM",1,1,39,"07:51","B_59a_1","ND_1136",1,"B12024",1,1,1,48,2.15,1,"2807_AM"
"249",2555,NA,2024,2,"chick2",2,4,41,"11:28","B_60a_4","ND_1097",1,"B12024",1,1,1,NA,NA,NA,"2555_chick2"
"250",2555,"B5K0101",2024,2,"AF",0,1,36,"08:52","B_60a_2","ND_0895",1,"B12024",1,1,1,23,3.08333333333333,1,"2555_AF"
"251",2555,NA,2024,2,"chick1",2,2,42,"09:27","B_60a_3","ND_0896",1,"B12024",1,1,1,NA,NA,NA,"2555_chick1"
"252",2558,NA,2024,2,"chick1",2,2,37,"11:41","B_62_3","ND_0898",1,"B22024",0,0,0,NA,NA,NA,"2558_chick1"
"253",2558,NA,2024,2,"chick2",2,3,62,"14:14","B_62_4","ND_1024",1,"B22024",0,0,0,NA,NA,NA,"2558_chick2"
"254",1975,"C3F7644",2023,1,"AF",0,1,79,"09:24","B_63_2","ND_0836",5,"B22023",1,0,0,NA,NA,NA,"1975_AF"
"255",1975,NA,2023,1,"chick1",2,1,79,"09:45","B_63_3","ND_0747",5,"B22023",1,0,0,NA,NA,NA,"1975_chick1"
"256",2562,"B4P0239",2024,2,"AM",1,1,35,"10:33","B_64_1","ND_0849",1,"B22023",1,0,0,77,4.75,3,"2562_AM"
"257",1976,"B4P0239",2023,2,"AM",1,1,50,"14:43","B_64_1","ND_0073",1,"B22023",1,0,0,NA,NA,NA,"1976_AM"
"258",1976,"B5K0501",2023,2,"AF",0,1,50,"14:14","B_64_2","ND_0072",1,"B22023",1,0,0,53,8.75,1,"1976_AF"
"259",1977,"B4P0573",2023,2,"AF",0,1,43,"08:00","B_65_2","ND_0013",1,"B22023",1,0,0,62,2.36666666666667,3,"1977_AF"
"260",1977,"B4P0239",2023,2,"AM",1,1,43,"07:38","B_65_1","ND_0006",1,"B22023",1,0,0,81,2,2,"1977_AM"
"261",1977,NA,2023,2,"chick1",2,2,43,"08:28","B_65_3","ND_0012",1,"B22023",1,0,0,NA,NA,NA,"1977_chick1"
"262",2564,"B5K0002",2024,2,"AM",1,1,39,"12:22","B_66_1","ND_1151",1,"B22024",0,0,0,54,6.66666666666667,1,"2564_AM"
"263",2564,NA,2024,2,"chick1",2,2,35,"11:33","B_66_3","ND_0859",1,"B22024",0,0,0,NA,NA,NA,"2564_chick1"
"264",1978,"B5G6365",2023,2,"AF",0,1,52,"10:01","B_66_2","ND_0108",1,"B22023",1,0,0,NA,NA,NA,"1978_AF"
"265",2564,NA,2024,2,"chick2",2,4,39,"13:32","B_66_4","ND_1135",1,"B22024",0,0,0,NA,NA,NA,"2564_chick2"
"266",2565,NA,2024,1,"chick1",2,2,56,"09:45","B_67_3","ND_1285",1,"B12024",1,1,0,NA,NA,NA,"2565_chick1"
"267",2565,"C3F7402",2024,1,"AF",0,1,56,"08:45","B_67_2","ND_1281",1,"B12024",1,1,1,92,3.38333333333333,3,"2565_AF"
"268",2567,"C5H7925",2024,1,"AF",0,1,52,"09:05","B_69_2","ND_1156",1,"B12024",1,1,0,86,3.65,1,"2567_AF"
"269",1981,"C3F7441",2023,1,"AM",1,1,68,"08:27","B_69_1","ND_0841",1,"B12023",0,0,0,83,3.2,2,"1981_AM"
"270",2567,"C5H7924",2024,1,"AM",1,1,52,"08:47","B_69_1","ND_1154",1,"B12024",1,1,0,40,3.35,1,"2567_AM"
"271",1981,"C5H8009",2023,1,"AF",0,1,68,"08:13","B_69_2","ND_0758",1,"B12023",0,0,0,98,2.96666666666667,1,"1981_AF"
"272",1982,NA,2023,1,"chick1",2,2,43,"08:39","B_70_3","ND_0019",1,"B22023",1,0,0,NA,NA,NA,"1982_chick1"
"273",1982,"C3F7402",2023,1,"AF",0,1,43,"08:12","B_70_2","ND_0018",1,"B22023",1,0,0,78,2.56666666666667,2,"1982_AF"
"274",1982,"C3F7649",2023,1,"AM",1,1,43,"07:42","B_70_1","ND_0020",1,"B22023",1,0,0,71,2.06666666666667,3,"1982_AM"
"275",1983,NA,2023,1,"chick1",2,2,41,"08:36","C_01_3","ND_0009",1,"C12023",1,1,0,NA,NA,NA,"1983_chick1"
"276",1983,"C3F7529",2023,1,"AF",0,1,41,"08:02","C_01_2","ND_0010",1,"C12023",1,1,0,15,2.36666666666667,1,"1983_AF"
"277",1983,NA,2023,1,"chick2",2,2,45,"08:40","C_01_4","ND_0026",1,"C12023",1,1,0,NA,NA,NA,"1983_chick2"
"278",1983,"C3M0348",2023,1,"AM",1,1,41,"07:43","C_01_1","ND_0011",1,"C12023",1,1,0,57,2.05,1,"1983_AM"
"279",1984,NA,2023,1,"chick2",2,1,59,"11:52","C_02_4C","ND_0780",1,"C12023",1,1,0,NA,NA,NA,"1984_chick2"
"280",1984,NA,2023,1,"chick2",2,1,59,"11:52","C_02_4B","ND_0778",1,"C12023",1,1,0,NA,NA,NA,"1984_chick2"
"281",2421,NA,2024,2,"chick2",2,2,48,"10:15","C_02_4","ND_1130",1,"C12024",1,0,0,NA,NA,NA,"2421_chick2"
"282",1984,"C5H7260",2023,1,"AM",1,1,57,"08:38","C_02_1","ND_0369",1,"C12023",1,1,1,39,3.26666666666667,1,"1984_AM"
"283",1985,NA,2023,2,"chick1",2,1,53,"10:35","C_02a_3B","ND_0214",1,"C12023",1,1,1,NA,NA,NA,"1985_chick1"
"284",1985,"B5K0606",2023,2,"AM",1,1,53,"09:25","C_02a_1","ND_0177",1,"C12023",1,1,1,48,3.98333333333333,1,"1985_AM"
"285",1985,NA,2023,2,"chick1",2,1,53,"10:35","C_02a_3A","ND_0174",1,"C12023",1,1,1,NA,NA,NA,"1985_chick1"
"286",1986,NA,2023,2,"chick2",2,4,61,"11:00","C_03_4","ND_0537",1,"C12023",1,1,0,NA,NA,NA,"1986_chick2"
"287",1986,NA,2023,2,"chick1",2,2,56,"16:44","C_03_3","ND_0380",1,"C12023",1,1,0,NA,NA,NA,"1986_chick1"
"288",1987,NA,2023,1,"chick1",2,2,52,"15:00","C_04_3A","ND_0114",1,"C12023",1,1,0,NA,NA,NA,"1987_chick1"
"289",1987,NA,2023,1,"chick1",2,1,52,"15:00","C_04_3B","ND_0115",1,"C12023",1,1,0,NA,NA,NA,"1987_chick1"
"290",1987,"C5H7124",2023,1,"AF",0,1,52,"14:34","C_04_2","ND_0109",1,"C12023",1,1,1,NA,NA,NA,"1987_AF"
"291",1987,NA,2023,1,"chick2",2,2,56,"16:56","C_04_4C","ND_0377",1,"C12023",1,1,0,NA,NA,NA,"1987_chick2"
"292",2425,"C5H7502",2024,1,"AF",0,1,35,"13:58","C_06_2","ND_0851",1,"C12024",1,0,0,77,8.16666666666667,1,"2425_AF"
"293",2425,NA,2024,1,"chick2",2,2,38,"13:00","C_06_4","ND_0920",1,"C12024",1,0,0,NA,NA,NA,"2425_chick2"
"294",2425,NA,2024,1,"chick1",2,2,35,"14:00","C_06_3","ND_0850",1,"C12024",1,0,0,NA,NA,NA,"2425_chick1"
"295",2426,"B5G6586",2024,2,"AM",1,1,45,"12:13","C_07_1","ND_1202",1,"C12024",1,0,0,32,6.65,1,"2426_AM"
"296",2426,"B5K0991",2024,2,"AF",0,1,45,"11:38","C_07_2","ND_1230",1,"C12024",1,0,0,42,6.06666666666667,1,"2426_AF"
"297",1994,NA,2023,1,"chick1",2,4,52,NA,"C_09_3B","ND_0459",1,"C12023",1,1,0,NA,NA,NA,"1994_chick1"
"298",1994,"C5H7363",2023,1,"AM",1,1,59,"12:32","C_09_1","ND_0496",1,"C12023",1,1,1,71,7.2,1,"1994_AM"
"299",2428,NA,2024,2,"chick2",2,4,41,"09:50","C_09_4","ND_1030",1,"C12024",1,0,0,NA,NA,NA,"2428_chick2"
"300",2428,"B5K0909",2024,2,"AM",1,1,37,"10:47","C_09_1","ND_0970",1,"C12024",1,0,0,NA,NA,NA,"2428_AM"
"301",1995,"B5K0521",2023,2,"AF",0,1,55,"13:10","C_09a_2","ND_0312",1,"C12023",1,1,1,38,7.76666666666667,1,"1995_AF"
"302",1996,NA,2023,1,"chick1",2,NA,55,"13:04","C_10_3","ND_0766",1,"C12023",1,1,1,NA,NA,NA,"1996_chick1"
"303",1996,NA,2023,1,"chick2",2,2,58,"12:15","C_10_4B","ND_0782",1,"C12023",1,1,0,NA,NA,NA,"1996_chick2"
"304",2429,NA,2024,1,"chick1",2,2,39,"14:15","C_10_3B","ND_1036",1,"C12024",1,0,0,NA,NA,NA,"2429_chick1"
"305",2429,NA,2024,1,"chick2",2,1,43,"13:15","C_10_4B","ND_0962",1,"C12024",1,0,0,NA,NA,NA,"2429_chick2"
"306",1996,"C3F6158",2023,1,"AM",1,1,57,"08:09","C_10_1","ND_0354",1,"C12023",1,1,1,13,2.78333333333333,2,"1996_AM"
"307",1997,NA,2023,2,"chick1",2,2,53,"11:22","C_10a_3B","ND_0165",1,"C12023",1,1,1,NA,NA,NA,"1997_chick1"
"308",1997,"B4P0517",2023,2,"AM",1,1,53,"10:12","C_10a_1","ND_0218",1,"C12023",1,1,1,51,4.76666666666667,2,"1997_AM"
"309",1997,NA,2023,2,"chick1",2,1,53,"11:22","C_10a_3D","ND_0188",1,"C12023",1,1,1,NA,NA,NA,"1997_chick1"
"310",1998,NA,2023,2,"chick1",2,1,53,"11:13","C_11_3B","ND_0195",1,"C12023",1,1,0,NA,NA,NA,"1998_chick1"
"311",1998,NA,2023,2,"chick1",2,1,53,"11:13","C_11_3A","ND_0172",1,"C12023",1,1,0,NA,NA,NA,"1998_chick1"
"312",2430,"B5K1091",2024,2,"AM",1,1,41,"07:52","C_11_1","ND_1059",1,"C12024",1,0,0,2,2.21666666666667,1,"2430_AM"
"313",2430,NA,2024,2,"chick2",2,1,45,"12:57","C_11_4","ND_1201",1,"C12024",1,0,0,NA,NA,NA,"2430_chick2"
"314",2430,NA,2024,2,"chick1",2,3,40,"15:33","C_11_3","ND_1039",1,"C12024",1,0,0,NA,NA,NA,"2430_chick1"
"315",1998,NA,2023,2,"chick2",2,1,58,"12:40","C_11_4B","ND_0759",1,"C12023",1,1,0,NA,NA,NA,"1998_chick2"
"316",1998,NA,2023,2,"chick2",2,1,58,"12:40","C_11_4A","ND_0767",1,"C12023",1,1,0,NA,NA,NA,"1998_chick2"
"317",2000,NA,2023,1,"chick2",2,5,48,"09:46","C_13_4","ND_0050",1,"C12023",1,1,1,NA,NA,NA,"2000_chick2"
"318",2000,"CS87902",2023,1,"AF",0,1,44,"09:41","C_13_2","ND_0024",1,"C12023",1,1,1,106,4.08333333333333,2,"2000_AF"
"319",2001,NA,2023,2,"chick2",2,4,61,"10:12","C_13a_4","ND_0554",1,"C12023",1,1,1,NA,NA,NA,"2001_chick2"
"320",2001,"B5G6917",2023,2,"AF",0,1,57,"13:00","C_13a_2","ND_0349",1,"C12023",1,1,1,56,7.63333333333333,1,"2001_AF"
"321",2001,NA,2023,2,"chick1",2,5,56,"17:20","C_13a_3","ND_0388",1,"C12023",1,1,1,NA,NA,NA,"2001_chick1"
"322",2433,NA,2024,1,"chick1",2,1,38,"12:09","C_14_3","ND_0923",1,"C12024",1,0,0,NA,NA,NA,"2433_chick1"
"323",2433,"CS87902",2024,1,"AF",0,1,38,"10:53","C_14_2","ND_0910",1,"C12024",1,0,0,3,5.15,3,"2433_AF"
"324",2433,NA,2024,1,"chick2",2,1,42,"11:58","C_14_4","ND_0956",1,"C12024",1,0,0,NA,NA,NA,"2433_chick2"
"325",2434,"C5A0962",2024,1,"AF",0,1,50,"09:49","C_15_2","ND_1271",1,"C22024",0,1,0,45,4.35,1,"2434_AF"
"326",2435,NA,2024,2,"chick2",2,3,52,"13:02","C_16_4","ND_1161",1,"C22024",0,1,0,NA,NA,NA,"2435_chick2"
"327",2435,"B5K0015",2024,2,"AM",1,1,10,"13:41","C_16_1","ND_1067",1,"C22024",0,1,0,60,8,1,"2435_AM"
"328",2004,NA,2023,1,"chick1",2,2,67,"08:30","C_16_3","ND_0804",5,"C22023",0,1,0,NA,NA,NA,"2004_chick1"
"329",2004,"C5H7719",2023,1,"AF",0,1,67,"07:56","C_16_2","ND_0801",5,"C22023",0,1,0,60,2.68333333333333,1,"2004_AF"
"330",2436,NA,2024,2,"chick2",2,2,40,"14:58","C_17_4","ND_1047",1,"C22024",0,1,0,NA,NA,NA,"2436_chick2"
"331",2436,NA,2024,2,"chick1",2,2,35,"13:38","C_17_3","ND_0862",1,"C22024",0,1,0,NA,NA,NA,"2436_chick1"
"332",2006,"C5A0963",2023,1,"AF",0,1,59,"14:32","C_18_2","ND_0494",1,"C22023",0,1,0,69,9.2,3,"2006_AF"
"333",2438,NA,2024,2,"chick2",2,2,44,"10:23","C_19_4","ND_1255",1,"C22024",0,1,0,NA,NA,NA,"2438_chick2"
"334",2438,NA,2024,2,"chick1",2,1,41,"11:34","C_19_3B","ND_1026",1,"C22024",0,1,0,NA,NA,NA,"2438_chick1"
"335",2007,NA,2023,2,"chick1",2,1,57,"13:42","C_19_3","ND_0363",1,"C22023",0,1,0,NA,NA,NA,"2007_chick1"
"336",2438,NA,2024,2,"chick1",2,1,41,"11:34","C_19_3A","ND_1092",1,"C22024",0,1,0,NA,NA,NA,"2438_chick1"
"337",2007,"B5K0549",2023,2,"AF",0,1,57,"12:23","C_19_2","ND_0337",1,"C22023",0,1,0,60,7.01666666666667,1,"2007_AF"
"338",2439,NA,2024,2,"chick2",2,3,52,"08:35","C_20_4","ND_1264",1,"C12024",1,0,0,NA,NA,NA,"2439_chick2"
"339",2008,"B5G6694",2023,2,"AM",1,1,50,"09:52","C_20_1","ND_0092",1,"C12023",1,1,0,63,4.38333333333333,1,"2008_AM"
"340",2008,NA,2023,2,"chick2",2,2,55,"12:43","C_20_4B","ND_0274",1,"C12023",1,1,0,NA,NA,NA,"2008_chick2"
"341",2439,"B5K1403",2024,2,"AF",0,1,47,"08:50","C_20_2","ND_1186",1,"C12024",1,0,0,80,3.3,1,"2439_AF"
"342",2008,NA,2023,2,"chick1",2,1,50,"10:22","C_20_3","ND_0094",1,"C12023",1,1,0,NA,NA,NA,"2008_chick1"
"343",2008,"B5G6362",2023,2,"AF",0,1,50,"09:20","C_20_2","ND_0091",1,"C12023",1,1,0,74,3.85,1,"2008_AF"
"344",2008,NA,2023,2,"chick2",2,1,55,"12:43","C_20_4C","ND_0289",1,"C12023",1,1,0,NA,NA,NA,"2008_chick2"
"345",2439,"B5K0259",2024,2,"AM",1,1,47,"09:03","C_20_1","ND_1263",1,"C12024",1,0,0,66,3.51666666666667,1,"2439_AM"
"346",2009,NA,2023,1,"chick2",2,2,55,"12:16","C_21_4B","ND_0285",1,"C12023",1,1,0,NA,NA,NA,"2009_chick2"
"347",2009,NA,2023,1,"chick2",2,1,55,"12:16","C_21_4A","ND_0315",1,"C12023",1,1,0,NA,NA,NA,"2009_chick2"
"348",2009,"C5H7090",2023,1,"AF",0,1,53,"13:22","C_21_2","ND_0192",1,"C12023",1,1,1,NA,NA,NA,"2009_AF"
"349",2440,NA,2024,2,"chick1",2,1,36,"14:19","C_21_3","ND_0879",1,"C12024",1,0,0,NA,NA,NA,"2440_chick1"
"350",2440,"B5K0907",2024,2,"AM",1,1,37,"08:28","C_21_1","ND_0988",1,"C12024",1,0,0,50,2.71666666666667,1,"2440_AM"
"351",2440,NA,2024,2,"chick2",2,3,41,"09:04","C_21_4","ND_1048",1,"C12024",1,0,0,NA,NA,NA,"2440_chick2"
"352",2009,"C5H7064",2023,1,"AM",1,1,51,"11:47","C_21_1","ND_0146",1,"C12023",1,1,1,85,6.31666666666667,1,"2009_AM"
"353",2011,NA,2023,1,"chick1",2,2,46,"08:45","C_22_3","ND_0034",1,"C12023",1,1,0,NA,NA,NA,"2011_chick1"
"354",2011,NA,2023,1,"chick2",2,1,50,"12:09","C_22_4","ND_0093",1,"C12023",1,1,0,NA,NA,NA,"2011_chick2"
"355",2011,"C3F7534",2023,1,"AM",1,1,46,"07:44","C_22_1","ND_0031",1,"C12023",1,1,1,20,2.16666666666667,1,"2011_AM"
"356",2013,NA,2023,1,"chick1",2,1,65,"08:52","C_23_3","ND_0570",5,"C12023",1,1,0,NA,NA,NA,"2013_chick1"
"357",2442,NA,2024,1,"chick1",2,3,35,"14:10","C_23_3A","ND_0878",1,"C12024",1,0,0,NA,NA,NA,"2442_chick1"
"358",2442,"CS87582",2024,1,"AF",0,1,37,"11:00","C_23_2","ND_0960",1,"C12024",1,0,0,34,5.25,1,"2442_AF"
"359",2013,NA,2023,1,"chick2",2,5,69,"12:10","C_23_4A","ND_0719",5,"C12023",1,1,0,NA,NA,NA,"2013_chick2"
"360",2013,"C5H7605",2023,1,"AM",1,1,65,"08:10","C_23_1","ND_0581",5,"C12023",1,1,1,37,2.9,1,"2013_AM"
"361",2442,"C3F7534",2024,1,"AM",1,1,37,"08:40","C_23_1","ND_0969",1,"C12024",1,0,0,6,2.91666666666667,2,"2442_AM"
"362",2442,NA,2024,1,"chick2",2,2,38,"14:00","C_23_4","ND_0921",1,"C12024",1,0,0,NA,NA,NA,"2442_chick2"
"363",2015,NA,2023,2,"chick1",2,3,57,"11:36","C_24_3C","ND_0339",1,"C12023",1,1,0,NA,NA,NA,"2015_chick1"
"364",2015,NA,2023,2,"chick2",2,3,62,"10:44","C_24_4","ND_0651",1,"C12023",1,1,0,NA,NA,NA,"2015_chick2"
"365",2016,NA,2023,1,"chick1",2,2,49,"09:30","C_25_3","ND_0056",1,"C12023",1,1,0,NA,NA,NA,"2016_chick1"
"366",2016,"CS87512",2023,1,"AF",0,1,49,"09:12","C_25_2","ND_0055",1,"C12023",1,1,0,24,3.7,1,"2016_AF"
"367",2016,NA,2023,1,"chick2",2,1,53,"12:43","C_25_4A","ND_0212",1,"C12023",1,1,0,NA,NA,NA,"2016_chick2"
"368",2016,NA,2023,1,"chick2",2,1,53,"12:43","C_25_4C","ND_0205",1,"C12023",1,1,0,NA,NA,NA,"2016_chick2"
"369",2444,"C5H7087",2024,1,"AM",1,1,37,"09:32","C_25_1","ND_1007",1,"C12024",1,0,0,75,3.78333333333333,1,"2444_AM"
"370",2016,"C5H7101",2023,1,"AM",1,1,49,"08:31","C_25_1","ND_0047",1,"C12023",1,1,0,72,3.01666666666667,1,"2016_AM"
"371",2016,NA,2023,1,"chick2",2,1,53,"12:43","C_25_4B","ND_0164",1,"C12023",1,1,0,NA,NA,NA,"2016_chick2"
"372",2445,NA,2024,2,"chick2",2,3,46,"09:15","C_26_4","ND_1261",1,"C12024",1,0,0,NA,NA,NA,"2445_chick2"
"373",2445,"B5G6694",2024,2,"AM",1,1,41,"08:10","C_26_1","ND_1086",1,"C12024",1,0,0,37,2.51666666666667,2,"2445_AM"
"374",2017,"B5K0689",2023,2,"AF",0,1,62,"11:05","C_26_2","ND_0652",1,"C12023",1,1,0,45,5.78333333333333,1,"2017_AF"
"375",2017,NA,2023,2,"chick2",2,2,67,NA,"C_26_4","ND_0796",1,"C12023",1,1,0,NA,NA,NA,"2017_chick2"
"376",2018,"C5H7450",2023,1,"AF",0,1,60,"12:20","C_27_2","ND_0522",1,"C12023",1,1,0,64,7,1,"2018_AF"
"377",2446,"C5H8133",2024,1,"AF",0,1,40,"09:07","C_27_2","ND_1093",1,"C12024",1,0,0,74,3.43333333333333,1,"2446_AF"
"378",2019,NA,2023,1,"chick2",2,2,60,"12:01","C_28_4A","ND_0526",1,"C22023",0,1,0,NA,NA,NA,"2019_chick2"
"379",2019,"C3M0258",2023,1,"AM",1,1,57,"12:48","C_28_1","ND_0353",1,"C22023",0,1,0,63,7.43333333333333,2,"2019_AM"
"380",2019,NA,2023,1,"chick1",2,2,56,"15:55","C_28_3B","ND_0240",1,"C22023",0,1,0,NA,NA,NA,"2019_chick1"
"381",2022,NA,2023,1,"chick1",2,2,51,"14:30","C_31_3","ND_0136",1,"C22023",0,1,0,NA,NA,NA,"2022_chick1"
"382",2022,NA,2023,1,"chick2",2,2,55,"07:47","C_31_4","ND_0310",1,"C22023",0,1,0,NA,NA,NA,"2022_chick2"
"383",2023,"B5G6304",2023,2,"AM",1,1,53,"07:29","C_32_1","ND_0175",1,"C22023",0,1,0,32,2.05,1,"2023_AM"
"384",2452,NA,2024,2,"chick2",2,1,39,"12:00","C_33_4B","ND_1017",1,"C22024",0,1,0,NA,NA,NA,"2452_chick2"
"385",2452,NA,2024,2,"chick1",2,2,35,"13:30","C_33_3","ND_0861",1,"C22024",0,1,0,NA,NA,NA,"2452_chick1"
"386",2024,"B4P0994",2023,2,"AM",1,1,50,"08:02","C_33_1","ND_0090",1,"C22023",0,1,0,78,2.55,2,"2024_AM"
"387",2452,NA,2024,2,"chick2",2,1,39,"12:00","C_33_4A","ND_1168",1,"C22024",0,1,0,NA,NA,NA,"2452_chick2"
"388",2024,NA,2023,2,"chick1",2,2,50,"08:55","C_33_3B","ND_0089",1,"C22023",0,1,0,NA,NA,NA,"2024_chick1"
"389",2025,NA,2023,2,"chick1",2,2,73,"08:15","C_34_3","ND_0739",5,"C22023",0,1,0,NA,NA,NA,"2025_chick1"
"390",2026,"C5H7001",2023,1,"AM",1,1,42,"08:22","C_35_1","ND_0008",1,"C22023",0,1,0,94,2.71666666666667,1,"2026_AM"
"391",2026,NA,2023,1,"chick2",2,4,43,"11:55","C_35_4","ND_0015",1,"C22023",0,1,0,NA,NA,NA,"2026_chick2"
"392",2026,NA,2023,1,"chick1",2,3,39,"09:07","C_35_3","ND_0001",1,"C22023",0,1,0,NA,NA,NA,"2026_chick1"
"393",2026,"C5A0679",2023,1,"AF",0,1,39,"08:38","C_35_2","ND_0002",1,"C22023",0,1,0,97,2.91666666666667,2,"2026_AF"
"394",2455,NA,2024,2,"chick1",2,1,39,"09:25","C_36_3","ND_1074",1,"C22024",0,1,0,NA,NA,NA,"2455_chick1"
"395",2028,"C5H7027",2023,1,"AM",1,1,45,"07:52","C_37_1","ND_0027",1,"C22023",0,1,0,47,2.28333333333333,1,"2028_AM"
"396",2028,NA,2023,1,"chick2",2,3,49,"08:40","C_37_4","ND_0054",1,"C22023",0,1,0,NA,NA,NA,"2028_chick2"
"397",2028,NA,2023,1,"chick1",2,2,45,"08:52","C_37_3","ND_0025",1,"C22023",0,1,0,NA,NA,NA,"2028_chick1"
"398",2456,NA,2024,2,"chick2",2,2,51,"09:58","C_37_4","ND_1287",1,"C22024",0,1,0,NA,NA,NA,"2456_chick2"
"399",2456,"B5K0667",2024,2,"AF",0,1,47,"09:15","C_37_2","ND_1244",1,"C22024",0,1,0,54,3.71666666666667,1,"2456_AF"
"400",2028,"C5H7028",2023,1,"AF",0,1,45,"08:24","C_37_2","ND_0028",1,"C22023",0,1,0,77,2.81666666666667,1,"2028_AF"
"401",2457,NA,2024,1,"chick2",2,1,51,"10:20","C_38_4","ND_1286",1,"C12024",1,0,0,NA,NA,NA,"2457_chick2"
"402",2457,"CS87512",2024,1,"AF",0,1,47,"09:21","C_38_2","ND_1254",1,"C12024",1,0,0,58,3.81666666666667,2,"2457_AF"
"403",2457,NA,2024,1,"chick1",2,2,47,"10:06","C_38_3","ND_1226",1,"C12024",1,0,0,NA,NA,NA,"2457_chick1"
"404",2030,NA,2023,2,"chick1",2,3,61,"10:00","C_38a_3","ND_0514",1,"C12023",1,1,1,NA,NA,NA,"2030_chick1"
"405",2030,NA,2023,2,"chick2",2,1,66,"10:09","C_38a_4","ND_0808",1,"C12023",1,1,1,NA,NA,NA,"2030_chick2"
"406",2030,"B5G6323",2023,2,"AM",1,1,61,"09:06","C_38a_1","ND_0534",1,"C12023",1,1,1,31,3.78333333333333,1,"2030_AM"
"407",2030,"B5G6338",2023,2,"AF",0,1,61,"09:58","C_38a_2","ND_0551",1,"C12023",1,1,1,37,4.65,1,"2030_AF"
"408",2458,"C5H8132",2024,1,"AF",0,1,40,"08:24","C_39_2","ND_1076",1,"C12024",1,0,0,NA,NA,NA,"2458_AF"
"409",2458,NA,2024,1,"chick2",2,2,44,"07:48","C_39_4","ND_1198",1,"C12024",1,0,0,NA,NA,NA,"2458_chick2"
"410",2459,"C5H7542",2024,1,"AF",0,1,49,"08:38","C_40_2","ND_1297",1,"C12024",1,0,0,110,3.15,1,"2459_AF"
"411",2459,NA,2024,1,"chick1",2,1,49,"09:35","C_40_3","ND_1294",1,"C12024",1,0,0,NA,NA,NA,"2459_chick1"
"412",2033,"C5H7003",2023,1,"AF",0,1,48,"07:50","C_40_2","ND_0048",1,"C12023",1,1,0,43,2.31666666666667,1,"2033_AF"
"413",2033,NA,2023,1,"chick1",2,2,45,"08:40","C_40_3","ND_0029",1,"C12023",1,1,0,NA,NA,NA,"2033_chick1"
"414",2033,"C5H7029",2023,1,"AM",1,1,45,"08:40","C_40_1","ND_0030",1,"C12023",1,1,0,47,3.08333333333333,1,"2033_AM"
"415",2034,"C3F7416",2023,1,"AM",1,1,48,"08:28","C_41_1","ND_0049",1,"C12023",1,1,1,16,2.95,2,"2034_AM"
"416",2460,NA,2024,2,"chick1",2,1,41,"09:35","C_41_3","ND_1068",1,"C12024",1,0,0,NA,NA,NA,"2460_chick1"
"417",2034,"C3F6873",2023,1,"AF",0,1,47,"13:40","C_41_2","ND_0045",1,"C12023",1,1,1,16,8.11666666666667,4,"2034_AF"
"418",2460,"B5G7069",2024,2,"AM",1,1,43,"12:11","C_41_1","ND_1009",1,"C12024",1,0,0,40,6.56666666666667,3,"2460_AM"
"419",2460,NA,2024,2,"chick2",2,3,46,"08:49","C_41_4","ND_1242",1,"C12024",1,0,0,NA,NA,NA,"2460_chick2"
"420",2035,NA,2023,2,"chick1",2,1,50,"11:44","C_41a_3A","ND_0083",1,"C12023",1,1,1,NA,NA,NA,"2035_chick1"
"421",2035,NA,2023,2,"chick1",2,1,50,"11:44","C_41a_3B","ND_0084",1,"C12023",1,1,1,NA,NA,NA,"2035_chick1"
"422",2035,NA,2023,2,"chick2",2,1,55,"11:20","C_41a_4A","ND_0319",1,"C12023",1,1,1,NA,NA,NA,"2035_chick2"
"423",2035,"B4P0528",2023,2,"AM",1,1,53,"13:19","C_41a_1","ND_0169",1,"C12023",1,1,1,25,7.88333333333333,3,"2035_AM"
"424",2035,NA,2023,2,"chick2",2,1,55,"11:20","C_41a_4B","ND_0307",1,"C12023",1,1,1,NA,NA,NA,"2035_chick2"
"425",2461,NA,2024,2,"chick1",2,2,42,"10:10","C_42_3A","ND_0996",1,"C12024",1,0,0,NA,NA,NA,"2461_chick1"
"426",2036,NA,2023,2,"chick1",2,3,57,"11:31","C_42_3A","ND_0335",1,"C12023",1,1,0,NA,NA,NA,"2036_chick1"
"427",2461,NA,2024,2,"chick2",2,4,47,"11:42","C_42_4","ND_1207",1,"C12024",1,0,0,NA,NA,NA,"2461_chick2"
"428",2036,NA,2023,2,"chick2",2,4,62,"11:20","C_42_4","ND_0681",1,"C12023",1,1,0,NA,NA,NA,"2036_chick2"
"429",2036,NA,2023,2,"chick1",2,1,57,"11:31","C_42_3B","ND_0357",1,"C12023",1,1,0,NA,NA,NA,"2036_chick1"
"430",2037,NA,2023,2,"chick2",2,1,74,"07:33","C_43_4","ND_0694",5,"C12023",1,1,0,NA,NA,NA,"2037_chick2"
"431",2037,NA,2023,2,"chick1",2,3,69,"09:24","C_43_3","ND_0712",5,"C12023",1,1,0,NA,NA,NA,"2037_chick1"
"432",2037,"B5K1354",2023,2,"AF",0,1,69,"08:34","C_43_2","ND_0722",5,"C12023",1,1,0,76,3.33333333333333,1,"2037_AF"
"433",2037,"B5K1353",2023,2,"AM",1,1,69,"08:07","C_43_1","ND_0728",5,"C12023",1,1,0,47,2.88333333333333,1,"2037_AM"
"434",2462,NA,2024,1,"chick1",2,0,38,"12:04","C_43_3","ND_0922",1,"C12024",1,0,0,NA,NA,NA,"2462_chick1"
"435",2463,NA,2024,2,"chick2",2,1,47,"12:00","C_44_4","ND_1188",1,"C12024",1,0,0,NA,NA,NA,"2463_chick2"
"436",2463,"B5K0291",2024,2,"AF",0,1,42,"08:14","C_44_2","ND_0939",1,"C12024",1,0,0,45,2.6,1,"2463_AF"
"437",2463,NA,2024,2,"chick1",2,1,42,"10:38","C_44_3","ND_1004",1,"C12024",1,0,0,NA,NA,NA,"2463_chick1"
"438",2464,"C5H7027",2024,1,"AM",1,1,37,"08:35","C_45_1","ND_0900",1,"C22024",0,1,0,51,2.83333333333333,2,"2464_AM"
"439",2464,NA,2024,1,"chick1",2,2,36,"13:14","C_45_3","ND_0893",1,"C22024",0,1,0,NA,NA,NA,"2464_chick1"
"440",2464,"C5H7503",2024,1,"AF",0,1,36,"12:31","C_45_2","ND_0901",1,"C22024",0,1,0,116,6.73333333333333,1,"2464_AF"
"441",2040,"C5H7429",2023,1,"AM",1,1,58,"10:17","C_46_1","ND_0781",1,"C22023",0,1,0,36,4.93333333333333,1,"2040_AM"
"442",2040,NA,2023,1,"chick1",2,1,58,"10:19","C_46_3A","ND_0828",1,"C22023",0,1,0,NA,NA,NA,"2040_chick1"
"443",2040,"C5H7427",2023,1,"AF",0,1,58,"08:40","C_46_2","ND_0779",1,"C22023",0,1,0,73,3.31666666666667,1,"2040_AF"
"444",2040,NA,2023,1,"chick1",2,1,58,"10:19","C_46_3B","ND_0771",1,"C22023",0,1,0,NA,NA,NA,"2040_chick1"
"445",2466,NA,2024,2,"chick2",2,2,44,"11:08","C_47_4","ND_1273",1,"C22024",0,1,0,NA,NA,NA,"2466_chick2"
"446",2466,NA,2024,2,"chick1",2,1,39,"09:21","C_47_3B","ND_1055",1,"C22024",0,1,0,NA,NA,NA,"2466_chick1"
"447",2466,NA,2024,2,"chick1",2,1,39,"09:21","C_47_3A","ND_1064",1,"C22024",0,1,0,NA,NA,NA,"2466_chick1"
"448",2042,NA,2023,1,"chick2",2,2,63,"09:35","C_48_4A","ND_0601",1,"C22023",0,1,0,NA,NA,NA,"2042_chick2"
"449",2042,NA,2023,1,"chick1",2,1,59,"14:00","C_48_3A","ND_0458",1,"C22023",0,1,0,NA,NA,NA,"2042_chick1"
"450",2042,NA,2023,1,"chick1",2,1,59,"14:00","C_48_3B","ND_0477",1,"C22023",0,1,0,NA,NA,NA,"2042_chick1"
"451",2042,"C5H7461",2023,1,"AF",0,1,62,"08:12","C_48_2","ND_0654",1,"C22023",0,1,0,86,2.9,1,"2042_AF"
"452",2468,NA,2024,2,"chick1",2,2,38,"12:19","C_49_3","ND_0924",1,"C22024",0,1,0,NA,NA,NA,"2468_chick1"
"453",2043,NA,2023,1,"chick2",2,3,60,"13:15","C_49_4","ND_0562",1,"C22023",0,1,0,NA,NA,NA,"2043_chick2"
"454",2043,"C5H7418",2023,1,"AM",1,1,56,"15:12","C_49_1","ND_0260",1,"C22023",0,1,0,67,9.81666666666667,1,"2043_AM"
"455",2468,"B5K0532",2024,2,"AF",0,1,38,"09:45","C_49_2","ND_0916",1,"C22024",0,1,0,45,4.01666666666667,1,"2468_AF"
"456",2468,NA,2024,2,"chick2",2,3,43,"12:55","C_49_4","ND_1010",1,"C22024",0,1,0,NA,NA,NA,"2468_chick2"
"457",2043,NA,2023,1,"chick1",2,2,56,"16:12","C_49_3A","ND_0389",1,"C22023",0,1,0,NA,NA,NA,"2043_chick1"
"458",2044,"C5A0924",2023,1,"AF",0,1,58,"09:40","C_50_2","ND_0777",1,"C22023",0,1,0,84,4.31666666666667,2,"2044_AF"
"459",2044,NA,2023,1,"chick1",2,1,58,"10:40","C_50_3","ND_0764",1,"C22023",0,1,0,NA,NA,NA,"2044_chick1"
"460",2044,"C5H7428",2023,1,"AM",1,1,58,"09:12","C_50_1","ND_0772",1,"C22023",0,1,0,75,3.85,1,"2044_AM"
"461",2044,NA,2023,1,"chick2",2,4,62,"08:17","C_50_4B","ND_0680",1,"C22023",0,1,0,NA,NA,NA,"2044_chick2"
"462",2046,NA,2023,1,"chick2",2,1,57,"16:21","C_52_4B","ND_0194",1,"C22023",0,1,0,NA,NA,NA,"2046_chick2"
"463",2046,NA,2023,1,"chick1",2,1,53,"14:40","C_52_3A","ND_0201",1,"C22023",0,1,0,NA,NA,NA,"2046_chick1"
"464",2046,NA,2023,1,"chick2",2,2,57,"16:21","C_52_4A","ND_0325",1,"C22023",0,1,0,NA,NA,NA,"2046_chick2"
"465",2046,"C5A0452",2023,1,"AF",0,1,57,"14:50","C_52_2","ND_0367",1,"C22023",0,1,0,49,9.46666666666667,3,"2046_AF"
"466",2046,NA,2023,1,"chick1",2,1,53,"14:40","C_52_3C","ND_0173",1,"C22023",0,1,0,NA,NA,NA,"2046_chick1"
"467",2046,NA,2023,1,"chick1",2,1,53,"14:40","C_52_3B","ND_0200",1,"C22023",0,1,0,NA,NA,NA,"2046_chick1"
"468",2472,"B4P0182",2024,2,"AM",1,1,42,"08:06","C_53_1","ND_0967",1,"C12024",1,0,0,53,2.46666666666667,2,"2472_AM"
"469",2472,NA,2024,2,"chick1",2,1,42,"10:43","C_53_3","ND_0976",1,"C12024",1,0,0,NA,NA,NA,"2472_chick1"
"470",2472,"B5K1382",2024,2,"AF",0,1,42,"08:27","C_53_2","ND_0948",1,"C12024",1,0,0,26,2.81666666666667,1,"2472_AF"
"471",2048,NA,2023,2,"chick1",2,2,60,"10:20","C_53a_3B","ND_0528",1,"C12023",1,1,1,NA,NA,NA,"2048_chick1"
"472",2048,"B5K0661",2023,2,"AF",0,1,60,"08:54","C_53a_2","ND_0530",1,"C12023",1,1,1,65,3.46666666666667,1,"2048_AF"
"473",2473,NA,2024,1,"chick1",2,2,47,"12:10","C_54_3","ND_1180",1,"C12024",1,0,0,NA,NA,NA,"2473_chick1"
"474",2473,"C5H8239",2024,1,"AF",0,1,47,"10:47","C_54_2","ND_1192",1,"C12024",1,0,0,35,5.25,1,"2473_AF"
"475",2474,"C3F7460",2024,1,"AM",1,1,40,"11:58","C_55_1","ND_1095",1,"C12024",1,0,0,66,6.28333333333333,2,"2474_AM"
"476",2474,"C5H8134",2024,1,"AF",0,1,40,"11:10","C_55_2","ND_1085",1,"C12024",1,0,0,86,5.48333333333333,1,"2474_AF"
"477",2474,NA,2024,1,"chick2",2,1,44,"08:28","C_55_4","ND_1208",1,"C12024",1,0,0,NA,NA,NA,"2474_chick2"
"478",2474,NA,2024,1,"chick1",2,1,40,"12:48","C_55_3","ND_1175",1,"C12024",1,0,0,NA,NA,NA,"2474_chick1"
"479",2053,"C3M0335",2023,1,"AF",0,1,58,"07:10","C_57_2","ND_0776",1,"C22023",0,1,0,68,4,2,"2053_AF"
"480",2054,NA,2023,1,"chick1",2,2,57,"16:12","C_58_3","ND_0341",1,"C22023",0,1,0,NA,NA,NA,"2054_chick1"
"481",2054,"B5K0550",2023,2,"AM",1,1,57,"14:46","C_58_1","ND_0359",1,"C22023",0,1,0,36,9.4,1,"2054_AM"
"482",2055,"C5H7471",2023,1,"AF",0,1,62,"08:56","C_59_2","ND_0696",1,"C22023",0,1,0,70,3.63333333333333,1,"2055_AF"
"483",2055,NA,2023,1,"chick1",2,2,62,"10:01","C_59_3","ND_0675",1,"C22023",0,1,0,NA,NA,NA,"2055_chick1"
"484",2055,"C3F7448",2023,1,"AM",1,1,62,"09:54","C_59_1","ND_0691",1,"C22023",0,1,0,65,4.6,1,"2055_AM"
"485",2056,NA,2023,2,"chick1",2,4,57,"16:01","C_60_3B","ND_0342",1,"C22023",0,1,0,NA,NA,NA,"2056_chick1"
"486",2056,"B5K0551",2023,2,"AF",0,1,57,"15:28","C_60_2","ND_0373",1,"C22023",0,1,0,54,10.1,1,"2056_AF"
"487",2479,NA,2024,1,"chick1",2,3,46,"10:00","C_60_3","ND_1204",1,"C22024",0,1,0,NA,NA,NA,"2479_chick1"
"488",2479,NA,2024,1,"chick2",2,2,50,"12:32","C_60_4","ND_1268",1,"C22024",0,1,0,NA,NA,NA,"2479_chick2"
"489",2479,"C3F7525",2024,1,"AM",1,1,46,"08:59","C_60_1","ND_1224",1,"C22024",0,1,0,93,3.43333333333333,1,"2479_AM"
"490",2059,"C5H7843",2023,1,"AM",1,1,63,"08:02","C_63_1","ND_0590",1,"C22023",0,1,0,NA,NA,NA,"2059_AM"
"491",2482,"B5K0014",2024,2,"AF",0,1,40,"11:59","C_63_2","ND_1094",1,"C22024",0,1,0,30,6.3,1,"2482_AF"
"492",2482,NA,2024,2,"chick1",2,2,40,"12:34","C_63_3","ND_1029",1,"C22024",0,1,0,NA,NA,NA,"2482_chick1"
"493",2060,NA,2023,1,"chick2",2,2,59,"08:31","C_64_4B","ND_0498",1,"C22023",0,1,0,NA,NA,NA,"2060_chick2"
"494",2060,NA,2023,1,"chick1",2,1,55,"09:56","C_64_3","ND_0281",1,"C22023",0,1,0,NA,NA,NA,"2060_chick1"
"495",2483,NA,2024,2,"chick2",2,4,47,"12:20","C_64_4","ND_1194",1,"C22024",0,1,0,NA,NA,NA,"2483_chick2"
"496",2483,NA,2024,2,"chick1",2,1,42,"09:53","C_64_3A","ND_0975",1,"C22024",0,1,0,NA,NA,NA,"2483_chick1"
"497",2060,"C3F7445",2023,1,"AF",0,1,55,"09:54","C_64_2","ND_0309",1,"C22023",0,1,0,81,4.5,2,"2060_AF"
"498",2483,NA,2024,2,"chick1",2,1,42,"09:53","C_64_3B","ND_0938",1,"C22024",0,1,0,NA,NA,NA,"2483_chick1"
"499",2484,"C5A0901",2024,1,"AM",1,1,45,"09:38","C_65_1","ND_1249",1,"C12024",1,0,0,34,3.95,3,"2484_AM"
"500",2484,NA,2024,1,"chick1",2,2,45,"10:37","C_65_3","ND_1221",1,"C12024",1,0,0,NA,NA,NA,"2484_chick1"
"501",2062,NA,2023,2,"chick2",2,NA,64,"08:08","C_65a_4","ND_0589",1,"C12023",1,1,1,NA,NA,NA,"2062_chick2"
"502",2063,"C5H7065",2023,1,"AF",0,1,51,"12:01","C_66_2","ND_0142",1,"C12023",1,1,0,73,6.55,1,"2063_AF"
"503",2063,NA,2023,1,"chick1",2,1,51,"13:00","C_66_3C","ND_0143",1,"C12023",1,1,0,NA,NA,NA,"2063_chick1"
"504",2063,NA,2023,1,"chick1",2,2,51,"13:00","C_66_3B","ND_0144",1,"C12023",1,1,0,NA,NA,NA,"2063_chick1"
"505",2064,"C5A0627",2023,1,"AF",0,1,60,"08:45","C_67_2","ND_0517",1,"C22023",0,1,0,45,3.41666666666667,2,"2064_AF"
"506",2066,NA,2023,1,"chick2",2,1,63,"07:45","C_69_4","ND_0575",1,"C22023",0,1,0,NA,NA,NA,"2066_chick2"
"507",2488,NA,2024,2,"chick2",2,3,43,"13:50","C_69_4","ND_0983",1,"C22024",0,1,0,NA,NA,NA,"2488_chick2"
"508",2066,"C5H7355",2023,1,"AF",0,1,60,"09:17","C_69_2","ND_0560",1,"C22023",0,1,0,55,3.43333333333333,1,"2066_AF"
"509",2488,"B5G7284",2024,2,"AF",0,1,38,"08:50","C_69_2","ND_0915",1,"C22024",0,1,0,58,3.1,2,"2488_AF"
"510",2489,NA,2024,2,"chick1",2,1,38,"12:40","C_70_3","ND_0925",1,"C22024",0,1,0,NA,NA,NA,"2489_chick1"
"511",2489,"B5G6708",2024,2,"AF",0,1,38,"09:10","C_70_2","ND_0909",1,"C22024",0,1,0,17,3.43333333333333,1,"2489_AF"
"512",2723,NA,2024,2,"chick2",2,3,49,"08:33","D_01_4","ND_1266",1,"D12024",1,0,0,NA,NA,NA,"2723_chick2"
"513",2723,"B5G6959",2024,2,"AM",1,1,44,"08:03","D_01_1","ND_1116",1,"D12024",1,0,0,36,NA,2,"2723_AM"
"514",2068,NA,2023,1,"chick2",2,1,67,"13:48","D_01_4","ND_0806",1,"D12023",0,0,0,NA,NA,NA,"2068_chick2"
"515",2068,NA,2023,1,"chick1",2,3,63,"15:09","D_01_3","ND_0659",1,"D12023",0,0,0,NA,NA,NA,"2068_chick1"
"516",2723,NA,2024,2,"chick1",2,2,44,"09:22","D_01_3","ND_1117",1,"D12024",1,0,0,NA,NA,NA,"2723_chick1"
"517",2723,"B5K0032",2024,2,"AF",0,1,44,"08:13","D_01_2","ND_1105",1,"D12024",1,0,0,54,2.63333333333333,1,"2723_AF"
"518",2725,NA,2024,1,"chick2",2,2,44,"08:40","D_03_4","ND_1115",1,"D12024",1,0,0,NA,NA,NA,"2725_chick2"
"519",2725,"C5H7730",2024,1,"AF",0,1,40,"07:52","D_03_2","ND_0968",1,"D12024",1,0,0,56,2.18333333333333,1,"2725_AF"
"520",2726,"B5K0643",2024,2,"AM",1,1,36,"14:00","D_04_1","ND_0891",1,"D12024",1,0,0,49,8.21666666666667,2,"2726_AM"
"521",2726,"B5K1207",2024,2,"AF",0,1,36,"13:39","D_04_2","ND_0890",1,"D12024",1,0,0,33,7.86666666666667,1,"2726_AF"
"522",2071,NA,2023,2,"chick1",2,1,55,"08:15","D_04_3","ND_0318",1,"D12023",0,0,0,NA,NA,NA,"2071_chick1"
"523",2726,NA,2024,2,"chick1",2,3,36,"14:10","D_04_3","ND_0892",1,"D12024",1,0,0,NA,NA,NA,"2726_chick1"
"524",2073,NA,2023,2,"chick2",2,1,62,"14:23","D_06_4","ND_0653",1,"D12023",0,0,0,NA,NA,NA,"2073_chick2"
"525",2074,"C5H7209",2023,1,"AM",1,1,51,"08:44","D_07_1","ND_0104",1,"D12023",0,0,0,37,3.26666666666667,1,"2074_AM"
"526",2075,NA,2023,2,"chick2",2,2,73,"09:21","D_08_4","ND_0725",1,"D12023",0,0,0,NA,NA,NA,"2075_chick2"
"527",2075,"B5K1464",2023,2,"AM",1,1,68,"13:07","D_08_1","ND_0797",1,"D12023",0,0,0,38,7.86666666666667,1,"2075_AM"
"528",2731,NA,2024,2,"chick2",2,2,45,"11:36","D_09_4","ND_1251",1,"D12024",1,0,0,NA,NA,NA,"2731_chick2"
"529",2731,NA,2024,2,"chick1",2,2,40,"11:39","D_09_3","ND_0995",1,"D12024",1,0,0,NA,NA,NA,"2731_chick1"
"530",2077,NA,2023,1,"chick2",2,NA,60,"13:30","D_10_4","ND_0504",1,"D12023",0,0,0,NA,NA,NA,"2077_chick2"
"531",2077,NA,2023,1,"chick1",2,1,56,"08:46","D_10_3A","ND_0398",1,"D12023",0,0,0,NA,NA,NA,"2077_chick1"
"532",2077,NA,2023,1,"chick1",2,1,56,"08:46","D_10_3B","ND_0383",1,"D12023",0,0,0,NA,NA,NA,"2077_chick1"
"533",2077,"CS87448",2023,1,"AF",0,1,57,"10:06","D_10_2","ND_0416",1,"D12023",0,0,0,57,4.73333333333333,1,"2077_AF"
"534",2733,NA,2024,2,"chick2",2,3,44,"09:52","D_11_4","ND_1109",1,"D12024",1,0,0,NA,NA,NA,"2733_chick2"
"535",2734,NA,2024,2,"chick1",2,2,39,NA,"D_12_3","ND_1053",1,"D12024",1,0,0,NA,NA,NA,"2734_chick1"
"536",2734,NA,2024,2,"chick2",2,3,44,"09:14","D_12_4","ND_1106",1,"D12024",1,0,0,NA,NA,NA,"2734_chick2"
"537",2735,NA,2024,2,"chick2",2,1,44,"07:50","D_13_4","ND_1102",1,"D12024",1,0,0,NA,NA,NA,"2735_chick2"
"538",2735,NA,2024,2,"chick1",2,2,39,"13:44","D_13_3","ND_1090",1,"D12024",1,0,0,NA,NA,NA,"2735_chick1"
"539",2735,"B5G6656",2024,2,"AM",1,1,39,"12:23","D_13_1","ND_1072",1,"D12024",1,0,0,45,6.68333333333333,1,"2735_AM"
"540",2738,NA,2024,1,"chick1",2,1,39,"13:50","D_16_3","ND_1035",1,"D12024",1,0,0,NA,NA,NA,"2738_chick1"
"541",2740,"B4P0802",2024,2,"AF",0,1,37,"12:21","D_18_2","ND_0904",1,"D12024",1,0,0,36,6.6,2,"2740_AF"
"542",2087,NA,2023,1,"chick1",2,1,56,"08:36","D_20_3C","ND_0258",1,"D12023",0,0,0,NA,NA,NA,"2087_chick1"
"543",2087,"C3M0787",2023,1,"AF",0,1,56,"07:53","D_20_2","ND_0241",1,"D12023",0,0,0,78,2.5,2,"2087_AF"
"544",2087,NA,2023,1,"chick2",2,1,60,"13:35","D_20_4","ND_0557",1,"D12023",0,0,0,NA,NA,NA,"2087_chick2"
"545",2087,NA,2023,1,"chick1",2,1,56,"08:36","D_20_3B","ND_0419",1,"D12023",0,0,0,NA,NA,NA,"2087_chick1"
"546",2087,"C3F5942",2023,1,"AM",1,1,58,"16:02","D_20_1","ND_0424",1,"D12023",0,0,0,105,10.6833333333333,3,"2087_AM"
"547",2087,NA,2023,1,"chick1",2,1,56,"08:36","D_20_3A","ND_0234",1,"D12023",0,0,0,NA,NA,NA,"2087_chick1"
"548",2744,"B5K0502",2024,2,"AM",1,1,36,"12:35","D_22_1","ND_0884",1,"D12024",1,0,0,87,6.8,2,"2744_AM"
"549",2744,NA,2024,2,"chick1",2,3,36,"13:21","D_22_3","ND_0889",1,"D12024",1,0,0,NA,NA,NA,"2744_chick1"
"550",2089,NA,2023,2,"chick2",2,1,56,"10:25","D_22_4","ND_0268",1,"D12023",0,0,0,NA,NA,NA,"2089_chick2"
"551",2744,NA,2024,2,"chick2",2,3,41,"11:10","D_22_4","ND_1040",1,"D12024",1,0,0,NA,NA,NA,"2744_chick2"
"552",2746,NA,2024,2,"chick1",2,3,39,"15:10","D_24_3","ND_1153",1,"D12024",1,0,0,NA,NA,NA,"2746_chick1"
"553",2746,"B4P0696",2024,2,"AF",0,1,39,"14:48","D_24_2","ND_0942",1,"D12024",1,0,0,55,9.1,2,"2746_AF"
"554",2746,NA,2024,2,"chick2",2,3,44,"10:52","D_24_4","ND_1111",1,"D12024",1,0,0,NA,NA,NA,"2746_chick2"
"555",2747,NA,2024,2,"chick1",2,2,37,"14:25","D_25_3","ND_0905",1,"D12024",1,0,0,NA,NA,NA,"2747_chick1"
"556",2747,NA,2024,2,"chick2",2,2,42,"15:54","D_25_4","ND_1002",1,"D12024",1,0,0,NA,NA,NA,"2747_chick2"
"557",2747,"B5G6705",2024,2,"AM",1,1,37,"13:40","D_25_1","ND_0903",1,"D12024",1,0,0,54,7.91666666666667,1,"2747_AM"
"558",2097,NA,2023,2,"chick2",2,1,56,"09:10","D_30_4","ND_0253",1,"D12023",0,0,0,NA,NA,NA,"2097_chick2"
"559",2097,NA,2023,2,"chick1",2,1,51,"14:57","D_30_3A","ND_0099",1,"D12023",0,0,0,NA,NA,NA,"2097_chick1"
"560",2098,NA,2023,1,"chick2",2,1,75,"07:29","D_31_4","ND_0687",1,"D12023",0,0,0,NA,NA,NA,"2098_chick2"
"561",2755,"C5H7040",2024,1,"AM",1,1,44,"10:07","D_33_1","ND_1099",1,"D12024",1,0,0,51,4.53333333333333,2,"2755_AM"
"562",2755,"C5H7213",2024,1,"AF",0,1,44,"10:24","D_33_2","ND_1103",1,"D12024",1,0,0,78,4.81666666666667,2,"2755_AF"
"563",2100,"C5A0931",2023,1,"AM",1,1,56,"08:03","D_33_1","ND_0225",1,"D12023",0,0,0,76,2.66666666666667,1,"2100_AM"
"564",2755,NA,2024,1,"chick1",2,2,43,"09:12","D_33_3","ND_1123",1,"D12024",1,0,0,NA,NA,NA,"2755_chick1"
"565",2100,NA,2023,1,"chick2",2,2,60,"09:28","D_33_4A","ND_0535",1,"D12023",0,0,0,NA,NA,NA,"2100_chick2"
"566",2101,NA,2023,2,"chick1",2,1,55,"14:05","D_34_3","ND_0278",1,"D12023",0,0,0,NA,NA,NA,"2101_chick1"
"567",2101,"B5K0223",2023,2,"AF",0,1,56,"09:30","D_34_2","ND_0247",1,"D12023",0,0,0,65,4.11666666666667,1,"2101_AF"
"568",2756,"B5K0030",2024,2,"AM",1,1,42,"13:29","D_34_1","ND_0985",1,"D12024",1,0,0,36,7.85,1,"2756_AM"
"569",2102,"C5A0904",2023,1,"AM",1,1,66,"11:14","D_35_1","ND_0822",1,"D12023",0,0,0,30,5.96666666666667,4,"2102_AM"
"570",2102,NA,2023,1,"chick1",2,2,67,"12:49","D_35_3","ND_0790",1,"D12023",0,0,0,NA,NA,NA,"2102_chick1"
"571",2757,NA,2024,1,"chick1",2,3,44,"11:27","D_35_3","ND_1101",1,"D12024",1,0,0,NA,NA,NA,"2757_chick1"
"572",2103,"C3M0319",2023,1,"AM",1,1,69,"13:37","D_36_1","ND_0723",1,"D22023",0,1,0,51,8.38333333333333,1,"2103_AM"
"573",2103,"C3F7376",2023,1,"AF",0,1,69,"12:55","D_36_2","ND_0703",1,"D22023",0,1,0,105,7.68333333333333,1,"2103_AF"
"574",2105,"C5H7115",2023,1,"AF",0,1,50,"11:30","D_38_2","ND_0079",1,"D22023",0,1,0,79,6.01666666666667,1,"2105_AF"
"575",2760,"C5H7115",2024,1,"AF",0,1,36,"08:56","D_38_2","ND_0881",1,"D22024",0,1,0,86,3.15,2,"2760_AF"
"576",2760,NA,2024,1,"chick2",2,1,40,"15:05","D_38_4B","ND_0997",1,"D22024",0,1,0,NA,NA,NA,"2760_chick2"
"577",2760,NA,2024,1,"chick1",2,2,36,"11:42","D_38_3","ND_0888",1,"D22024",0,1,0,NA,NA,NA,"2760_chick1"
"578",2105,NA,2023,1,"chick2",2,2,53,"09:48","D_38_4B","ND_0181",1,"D22023",0,1,0,NA,NA,NA,"2105_chick2"
"579",2105,"C3F7854",2023,1,"AM",1,1,50,"10:58","D_38_1","ND_0078",1,"D22023",0,1,0,70,5.48333333333333,2,"2105_AM"
"580",2760,NA,2024,1,"chick2",2,1,40,"15:05","D_38_4A","ND_0987",1,"D22024",0,1,0,NA,NA,NA,"2760_chick2"
"581",2760,"C5H8210",2024,1,"AM",1,1,36,"09:33","D_38_1","ND_0883",1,"D22024",0,1,0,83,3.76666666666667,1,"2760_AM"
"582",2105,NA,2023,1,"chick1",2,1,50,"12:36","D_38_3","ND_0077",1,"D22023",0,1,0,NA,NA,NA,"2105_chick1"
"583",2106,NA,2023,2,"chick2",2,1,62,"13:41","D_39_4","ND_0672",1,"D22023",0,1,0,NA,NA,NA,"2106_chick2"
"584",2761,NA,2024,2,"chick2",2,1,40,"16:00","D_39_4B","ND_1005",1,"D22024",0,1,0,NA,NA,NA,"2761_chick2"
"585",2761,NA,2024,2,"chick2",2,1,40,"16:00","D_39_4A","ND_0931",1,"D22024",0,1,0,NA,NA,NA,"2761_chick2"
"586",2106,NA,2023,2,"chick1",2,1,57,"10:07","D_39_3","ND_0427",1,"D22023",0,1,0,NA,NA,NA,"2106_chick1"
"587",2106,"B5K0553",2023,2,"AF",0,1,60,"08:46","D_39_2","ND_0505",1,"D22023",0,1,0,35,3.43333333333333,1,"2106_AF"
"588",2107,NA,2023,2,"chick1",2,2,59,"16:21","D_40_3","ND_0613",1,"D22023",0,1,0,NA,NA,NA,"2107_chick1"
"589",2762,NA,2024,1,"chick1",2,1,38,"13:03","D_40_3","ND_1148",1,"D22024",0,1,0,NA,NA,NA,"2762_chick1"
"590",2107,"B5G7500",2023,2,"AF",0,1,60,"11:44","D_40_2","ND_0520",1,"D22023",0,1,0,40,6.4,2,"2107_AF"
"591",2763,NA,2024,2,"chick2",2,3,1,"11:49","D_41_4","ND_1118",1,"D22024",0,1,0,NA,NA,NA,"2763_chick2"
"592",2763,NA,2024,2,"chick1",2,2,39,"10:30","D_41_3","ND_0941",1,"D22024",0,1,0,NA,NA,NA,"2763_chick1"
"593",2763,"B4P0593",2024,2,"AM",1,1,39,"08:58","D_41_1","ND_0950",1,"D22024",0,1,0,75,3.26666666666667,4,"2763_AM"
"594",2110,NA,2023,1,"chick1",2,2,47,"08:50","D_43_3","ND_0038",1,"D22023",0,1,0,NA,NA,NA,"2110_chick1"
"595",2765,NA,2024,1,"chick1",2,2,40,"12:24","D_43_3","ND_0977",1,"D22024",0,1,0,NA,NA,NA,"2765_chick1"
"596",2110,"C5H7039",2023,1,"AF",0,1,47,"07:43","D_43_2","ND_0040",1,"D22023",0,1,0,38,2.16666666666667,1,"2110_AF"
"597",2110,NA,2023,1,"chick2",2,1,51,"13:23","D_43_4B","ND_0106",1,"D22023",0,1,0,NA,NA,NA,"2110_chick2"
"598",2110,NA,2023,1,"chick2",2,1,51,"13:23","D_43_4A","ND_0098",1,"D22023",0,1,0,NA,NA,NA,"2110_chick2"
"599",2111,NA,2023,2,"chick1",2,1,58,"17:57","D_44_3","ND_0418",1,"D22023",0,1,0,NA,NA,NA,"2111_chick1"
"600",2111,"B5G6932",2023,2,"AF",0,1,59,"14:41","D_44_2","ND_0637",1,"D22023",0,1,0,84,9.35,2,"2111_AF"
"601",2111,"B4P0593",2023,2,"AM",1,1,60,"11:05","D_44_1","ND_0555",1,"D22023",0,1,0,88,5.75,3,"2111_AM"
"602",2313,"C5H7214",2023,1,"AF",0,1,51,"11:55","D_46_2","ND_0107",1,"D22023",0,1,0,46,6.45,1,"2313_AF"
"603",2113,NA,2023,1,"chick1",2,4,55,"15:49","D_47_3C","ND_0313",1,"D22023",0,1,0,NA,NA,NA,"2113_chick1"
"604",2113,"C5H7139",2023,1,"AF",0,1,56,"07:43","D_47_2","ND_0269",1,"D22023",0,1,0,74,2.33333333333333,1,"2113_AF"
"605",2114,NA,2023,1,"chick2",2,1,51,"11:10","D_48_4","ND_0096",1,"D22023",0,1,0,NA,NA,NA,"2114_chick2"
"606",2114,NA,2023,1,"chick1",2,1,47,"10:21","D_48_3","ND_0036",1,"D22023",0,1,0,NA,NA,NA,"2114_chick1"
"607",2114,"C5H7213",2023,1,"AF",0,1,51,"11:30","D_48_2","ND_0103",1,"D22023",0,1,0,89,6.03333333333333,1,"2114_AF"
"608",2114,"C5H7040",2023,1,"AM",1,1,47,"09:34","D_48_1","ND_0037",1,"D22023",0,1,0,54,4.01666666666667,1,"2114_AM"
"609",2115,NA,2023,1,"chick2",2,1,55,"16:17","D_49_4A","ND_0306",1,"D22023",0,1,0,NA,NA,NA,"2115_chick2"
"610",2115,NA,2023,1,"chick1",2,1,52,"10:50","D_49_3C","ND_0130",1,"D22023",0,1,0,NA,NA,NA,"2115_chick1"
"611",2115,NA,2023,1,"chick1",2,1,52,"10:50","D_49_3A","ND_0122",1,"D22023",0,1,0,NA,NA,NA,"2115_chick1"
"612",2115,NA,2023,1,"chick1",2,1,52,"10:50","D_49_3B","ND_0123",1,"D22023",0,1,0,NA,NA,NA,"2115_chick1"
"613",2115,NA,2023,1,"chick2",2,1,55,"16:17","D_49_4B","ND_0265",1,"D22023",0,1,0,NA,NA,NA,"2115_chick2"
"614",2772,NA,2024,2,"chick1",2,2,38,"14:10","D_50_3","ND_0919",1,"D22024",0,1,0,NA,NA,NA,"2772_chick1"
"615",2772,"B5K0920",2024,2,"AM",1,1,39,"13:48","D_50_1","ND_0961",1,"D22024",0,1,0,39,8.1,1,"2772_AM"
"616",2772,NA,2024,2,"chick2",2,4,43,"12:53","D_50_4","ND_1122",1,"D22024",0,1,0,NA,NA,NA,"2772_chick2"
"617",2118,NA,2023,2,"chick2",2,3,71,"09:46","D_52_4","ND_0704",5,"D22023",0,1,0,NA,NA,NA,"2118_chick2"
"618",2118,"B4P1787",2023,2,"AM",1,1,68,"13:19","D_52_1","ND_0769",5,"D22023",0,1,0,47,7.28333333333333,2,"2118_AM"
"619",2118,NA,2023,2,"chick1",2,2,66,"11:54","D_52_3","ND_0824",5,"D22023",0,1,0,NA,NA,NA,"2118_chick1"
"620",2118,"B4P1542",2023,2,"AF",0,1,66,"11:08","D_52_2","ND_0803",5,"D22023",0,1,0,40,5.86666666666667,1,"2118_AF"
"621",2776,NA,2024,2,"chick2",2,3,44,"12:38","D_54_4","ND_1113",1,"D22024",0,1,0,NA,NA,NA,"2776_chick2"
"622",2776,NA,2024,2,"chick1",2,3,39,NA,"D_54_3","ND_1006",1,"D22024",0,1,0,NA,NA,NA,"2776_chick1"
"623",2121,NA,2023,1,"chick1",2,NA,53,"08:55","D_55_3","ND_0641",1,"D22023",0,1,0,NA,NA,NA,"2121_chick1"
"624",2121,"C5H7228",2023,1,"AM",1,1,53,"08:50","D_55_1","ND_0191",1,"D22023",0,1,0,83,3.4,1,"2121_AM"
"625",2778,"B5K0642",2024,2,"AF",0,1,38,"13:00","D_56_2","ND_1145",1,"D22024",0,1,0,60,7.26666666666667,2,"2778_AF"
"626",2122,"B5K0642",2023,2,"AF",0,1,56,"09:32","D_56_2","ND_0228",1,"D22023",0,1,0,30,4.15,1,"2122_AF"
"627",2122,NA,2023,2,"chick2",2,1,61,"13:36","D_56_4","ND_0539",1,"D22023",0,1,0,NA,NA,NA,"2122_chick2"
"628",2778,NA,2024,2,"chick2",2,3,43,"11:12","D_56_4A","ND_0957",1,"D22024",0,1,0,NA,NA,NA,"2778_chick2"
"629",2122,NA,2023,2,"chick1",2,2,56,"10:16","D_56_3A","ND_0227",1,"D22023",0,1,0,NA,NA,NA,"2122_chick1"
"630",2123,NA,2023,1,"chick1",2,2,57,"09:41","D_57_3A","ND_0743",1,"D22023",0,1,0,NA,NA,NA,"2123_chick1"
"631",2123,NA,2023,1,"chick2",2,2,70,"10:38","D_57_4","ND_0701",1,"D22023",0,1,0,NA,NA,NA,"2123_chick2"
"632",2779,NA,2024,1,"chick2",2,2,47,"10:05","D_57_4","ND_1054",1,"D22024",0,1,0,NA,NA,NA,"2779_chick2"
"633",2123,NA,2023,1,"chick1",2,1,57,"09:41","D_57_3B","ND_0812",1,"D22023",0,1,0,NA,NA,NA,"2123_chick1"
"634",2779,"C5H7865",2024,1,"AM",1,1,43,"10:13","D_57_1","ND_1127",1,"D22024",0,1,0,81,4.6,1,"2779_AM"
"635",2124,NA,2023,1,"chick2",2,1,54,"11:26","D_58_4","ND_0207",1,"D22023",0,1,0,NA,NA,NA,"2124_chick2"
"636",2780,"B4P0672",2024,2,"AM",1,1,39,"08:46","D_58_1","ND_1159",1,"D22024",0,1,0,71,3.06666666666667,2,"2780_AM"
"637",2124,NA,2023,1,"chick1",2,2,50,"09:36","D_58_3","ND_0069",1,"D22023",0,1,0,NA,NA,NA,"2124_chick1"
"638",2124,"C5H7114",2023,1,"AM",1,1,50,"08:47","D_58_1","ND_0075",1,"D22023",0,1,0,64,3.3,1,"2124_AM"
"639",2780,NA,2024,2,"chick1",2,1,39,"10:51","D_58_3","ND_0959",1,"D22024",0,1,0,NA,NA,NA,"2780_chick1"
"640",2781,NA,2024,2,"chick1",2,1,44,"13:13","D_59_3","ND_1104",1,"D22024",0,1,0,NA,NA,NA,"2781_chick1"
"641",2125,NA,2023,1,"chick2",2,1,47,"10:40","D_59_4","ND_0044",1,"D22023",0,1,0,NA,NA,NA,"2125_chick2"
"642",2125,"CS87056",2023,1,"AF",0,1,43,"09:23","D_59_2","ND_0014",1,"D22023",0,1,0,53,3.75,1,"2125_AF"
"643",2125,NA,2023,1,"chick1",2,3,43,"10:40","D_59_3","ND_0016",1,"D22023",0,1,0,NA,NA,NA,"2125_chick1"
"644",2126,"C3F7652",2023,1,"AF",0,1,62,"13:52","D_60_2","ND_0640",1,"D22023",0,1,0,56,8.56666666666667,2,"2126_AF"
"645",2126,NA,2023,1,"chick2",2,1,66,"11:43","D_60_4","ND_0795",1,"D22023",0,1,0,NA,NA,NA,"2126_chick2"
"646",2782,"C5H7604",2024,1,"AM",1,1,36,"10:57","D_60_1","ND_0887",1,"D22024",0,1,0,79,5.16666666666667,2,"2782_AM"
"647",2126,"C5H7604",2023,1,"AM",1,1,62,"14:36","D_60_1","ND_0638",1,"D22023",0,1,0,61,9.3,1,"2126_AM"
"648",2782,NA,2024,1,"chick1",2,1,36,"10:58","D_60_3","ND_0885",1,"D22024",0,1,0,NA,NA,NA,"2782_chick1"
"649",2127,"C5H7025",2023,1,"AM",1,1,44,"08:08","D_61_1","ND_0021",1,"D22023",0,1,0,50,2.53333333333333,1,"2127_AM"
"650",2127,NA,2023,1,"chick1",2,2,43,"10:18","D_61_3","ND_0017",1,"D22023",0,1,0,NA,NA,NA,"2127_chick1"
"651",2783,"C5H7903",2024,1,"AM",1,1,39,"13:37","D_61_1","ND_0971",1,"D22024",0,1,0,108,7.91666666666667,1,"2783_AM"
"652",2784,"B5K1204",2024,2,"AF",0,1,35,"15:51","D_62_2","ND_0865",1,"D22024",0,1,0,65,10.05,1,"2784_AF"
"653",2784,NA,2024,2,"chick2",2,3,39,"12:37","D_62_4","ND_0989",1,"D22024",0,1,0,NA,NA,NA,"2784_chick2"
"654",2784,"B5G6937",2024,2,"AM",1,1,35,"15:28","D_62_1","ND_0863",1,"D22024",0,1,0,57,9.66666666666667,1,"2784_AM"
"655",2784,NA,2024,2,"chick1",2,3,35,"15:00","D_62_3","ND_0869",1,"D22024",0,1,0,NA,NA,NA,"2784_chick1"
"656",2130,"C3F7186",2023,1,"AM",1,1,50,"11:45","D_64_1","ND_0076",1,"D22023",0,1,0,74,6.26666666666667,3,"2130_AM"
"657",2130,NA,2023,1,"chick2",2,1,52,"11:05","D_64_4","ND_0121",1,"D22023",0,1,0,NA,NA,NA,"2130_chick2"
"658",2786,"C5H7025",2024,1,"AM",1,1,35,"16:01","D_64_1","ND_0867",1,"D22024",0,1,0,65,10.2166666666667,2,"2786_AM"
"659",2786,NA,2024,1,"chick2",2,1,38,"14:45","D_64_4","ND_1143",1,"D22024",0,1,0,NA,NA,NA,"2786_chick2"
"660",2130,NA,2023,1,"chick1",2,1,50,"12:18","D_64_3","ND_0088",1,"D22023",0,1,0,NA,NA,NA,"2130_chick1"
"661",2786,NA,2024,1,"chick1",2,3,35,"17:15","D_64_3","ND_0871",1,"D22024",0,1,0,NA,NA,NA,"2786_chick1"
"662",2786,"C5H8207",2024,1,"AF",0,1,35,"16:23","D_64_2","ND_0868",1,"D22024",0,1,0,83,10.5833333333333,1,"2786_AF"
"663",2787,"B5G6119",2024,2,"AF",0,1,39,"12:45","D_65_2","ND_0980",1,"D22024",0,1,0,68,7.05,1,"2787_AF"
"664",2787,NA,2024,2,"chick2",2,3,44,"13:21","D_65_4","ND_1108",1,"D22024",0,1,0,NA,NA,NA,"2787_chick2"
"665",2788,NA,2024,2,"chick1",2,2,35,"17:11","D_66_3","ND_0870",1,"D22024",0,1,0,NA,NA,NA,"2788_chick1"
"666",2788,"B5G6392",2024,2,"AM",1,1,35,"15:36","D_66_1","ND_0864",1,"D22024",0,1,0,36,9.8,1,"2788_AM"
"667",2788,NA,2024,2,"chick2",2,1,40,"14:30","D_66_4","ND_0978",1,"D22024",0,1,0,NA,NA,NA,"2788_chick2"
"668",2789,NA,2024,2,"chick1",2,0,0,NA,"D_67_3","ND_0918",1,"D22024",0,1,0,NA,NA,NA,"2789_chick1"
"669",2134,NA,2023,2,"chick1",2,2,49,"08:50","D_68_3A","ND_0087",1,"D22023",0,1,0,NA,NA,NA,"2134_chick1"
"670",2134,NA,2023,2,"chick2",2,2,55,"15:22","D_68_4A","ND_0311",1,"D22023",0,1,0,NA,NA,NA,"2134_chick2"
"671",2134,"B4P0174",2023,2,"AM",1,1,50,"08:42","D_68_1","ND_0080",1,"D22023",0,1,0,77,3.21666666666667,3,"2134_AM"
"672",2790,"C5H8208",2024,1,"AM",1,1,36,"09:11","D_68_1","ND_0882",1,"D22024",0,1,0,79,3.4,1,"2790_AM"
"673",2790,NA,2024,1,"chick1",2,3,36,"11:06","D_68_3","ND_0886",1,"D22024",0,1,0,NA,NA,NA,"2790_chick1"
"674",2134,"B5K0201",2023,2,"AF",0,1,50,"08:03","D_68_2","ND_0081",1,"D22023",0,1,0,87,2.56666666666667,1,"2134_AF"
"675",2134,NA,2023,2,"chick1",2,1,49,"08:50","D_68_3B","ND_0085",1,"D22023",0,1,0,NA,NA,NA,"2134_chick1"
"676",2135,"B4P0672",2023,2,"AM",1,1,66,"08:59","D_69_1","ND_0823",5,"D22023",0,1,0,58,3.71666666666667,1,"2135_AM"
"677",2135,NA,2023,2,"chick1",2,2,66,"09:35","D_69_3","ND_0740",5,"D22023",0,1,0,NA,NA,NA,"2135_chick1"
"678",2135,"B5K1352",2023,2,"AF",0,1,66,"08:29","D_69_2","ND_0794",5,"D22023",0,1,0,38,3.21666666666667,1,"2135_AF"
"679",2136,"C5H7608",2023,1,"AM",1,1,66,"08:23","D_70_1","ND_0821",1,"D22023",0,1,0,114,3.11666666666667,1,"2136_AM"
"680",2792,"C3M0475",2024,1,"AF",0,1,43,"10:00","D_70_2","ND_1126",1,"D22024",0,1,0,78,4.38333333333333,2,"2792_AF"
"681",2136,NA,2023,1,"chick2",2,2,69,"08:54","D_70_4","ND_0717",1,"D22023",0,1,0,NA,NA,NA,"2136_chick2"
"682",2136,NA,2023,1,"chick1",2,1,65,"13:04","D_70_3","ND_0583",1,"D22023",0,1,0,NA,NA,NA,"2136_chick1"
"683",2792,NA,2024,1,"chick2",2,2,44,"13:23","D_70_4","ND_1100",1,"D22024",0,1,0,NA,NA,NA,"2792_chick2"
"684",2138,NA,2023,1,"chick1",2,1,53,"12:03","E_02_3","ND_0166",1,"E12023",1,0,0,NA,NA,NA,"2138_chick1"
"685",2138,NA,2023,1,"chick2",2,1,57,"10:28","E_02_4","ND_0390",1,"E12023",1,0,0,NA,NA,NA,"2138_chick2"
"686",2138,"C5H7144",2023,1,"AM",1,1,56,"15:25","E_02_1","ND_0261",1,"E12023",1,0,0,72,10.0333333333333,1,"2138_AM"
"687",2138,"C3M0469",2023,1,"AF",0,1,53,"10:58","E_02_2","ND_0209",1,"E12023",1,0,0,NA,NA,NA,"2138_AF"
"688",2658,NA,2024,1,"chick1",2,1,56,"09:55","E_06_3","ND_1166",1,"E12024",1,0,0,NA,NA,NA,"2658_chick1"
"689",2658,"C5H7276",2024,1,"AF",0,1,56,"09:10","E_06_2","ND_1177",1,"E12024",1,0,0,53,3.8,2,"2658_AF"
"690",2143,"B5G6114",2023,2,"AF",0,1,61,"14:05","E_07_2","ND_0827",1,"E12023",1,0,0,75,8.78333333333333,1,"2143_AF"
"691",2144,"C5H7276",2023,1,"AF",0,1,58,"15:33","E_08_2","ND_0414",1,"E12023",1,0,0,53,10.2,1,"2144_AF"
"692",2144,NA,2023,1,"chick1",2,1,57,"16:20","E_08_3","ND_0397",1,"E12023",1,0,0,NA,NA,NA,"2144_chick1"
"693",2146,NA,2023,2,"chick2",2,2,63,"12:19","E_10_4","ND_0671",1,"E12023",1,0,0,NA,NA,NA,"2146_chick2"
"694",2146,NA,2023,2,"chick1",2,2,58,"16:57","E_10_3","ND_0493",1,"E12023",1,0,0,NA,NA,NA,"2146_chick1"
"695",2146,"B5K0552",2023,2,"AF",0,1,58,"17:10","E_10_2","ND_0409",1,"E12023",1,0,0,28,11.8166666666667,1,"2146_AF"
"696",2146,"B4P0285",2023,2,"AM",1,1,58,"15:40","E_10_1","ND_0450",1,"E12023",1,0,0,28,10.3166666666667,1,"2146_AM"
"697",2150,"B5G6012",2023,2,"AM",1,1,56,"15:30","E_14_1","ND_0259",1,"E12023",1,0,0,95,10.1166666666667,2,"2150_AM"
"698",2150,NA,2023,2,"chick1",2,1,56,"17:13","E_14_3B","ND_0403",1,"E12023",1,0,0,NA,NA,NA,"2150_chick1"
"699",2150,"B4P0841",2023,2,"AF",0,1,56,"16:20","E_14_2","ND_0249",1,"E12023",1,0,0,86,10.95,2,"2150_AF"
"700",2150,NA,2023,2,"chick1",2,3,56,"17:13","E_14_3A","ND_0411",1,"E12023",1,0,0,NA,NA,NA,"2150_chick1"
"701",2153,"C5H7278",2023,1,"AF",0,1,58,"17:20","E_17_2","ND_0433",1,"E12023",1,0,0,53,11.9833333333333,1,"2153_AF"
"702",2153,NA,2023,1,"chick1",2,1,58,"17:07","E_17_3","ND_0479",1,"E12023",1,0,0,NA,NA,NA,"2153_chick1"
"703",2161,"C5H7610",2023,1,"AF",0,1,67,"08:27","E_25_2","ND_0784",1,"E12023",1,0,0,86,3.2,1,"2161_AF"
"704",2162,NA,2023,2,"chick1",2,2,73,"09:16","E_26_3","ND_0711",5,"E12023",1,0,0,NA,NA,NA,"2162_chick1"
"705",2162,"B5G7482",2023,2,"AF",0,1,73,"08:15","E_26_2","ND_0738",5,"E12023",1,0,0,NA,NA,NA,"2162_AF"
"706",2162,NA,2023,2,"chick2",2,2,78,"08:29","E_26_4","ND_0834",5,"E12023",1,0,0,NA,NA,NA,"2162_chick2"
"707",2164,NA,2023,1,"chick2",2,1,62,"10:15","E_28_4A","ND_0756",1,"E12023",1,0,0,NA,NA,NA,"2164_chick2"
"708",2164,"C5H7342",2023,1,"AF",0,1,57,"15:30","E_28_2","ND_0365",1,"E12023",1,0,0,73,10.1333333333333,1,"2164_AF"
"709",2164,NA,2023,1,"chick2",2,1,62,"10:15","E_28_4B","ND_0833",1,"E12023",1,0,0,NA,NA,NA,"2164_chick2"
"710",2165,NA,2023,2,"chick2",2,1,64,"11:40","E_29_4","ND_0598",1,"E12023",1,0,0,NA,NA,NA,"2165_chick2"
"711",2170,"C5H7651",2023,1,"AF",0,1,72,"09:08","E_34_2","ND_0734",5,"E12023",1,0,0,35,3.9,1,"2170_AF"
"712",2170,"C5H7650",2023,1,"AM",1,1,72,"08:28","E_34_1","ND_0737",5,"E12023",1,0,0,74,3.23333333333333,1,"2170_AM"
"713",2170,NA,2023,1,"chick1",2,1,72,"09:27","E_34_3","ND_0735",5,"E12023",1,0,0,NA,NA,NA,"2170_chick1"
"714",2173,NA,2023,1,"chick1",2,4,58,"13:50","E_37_3A","ND_0503",1,"E22023",1,1,0,NA,NA,NA,"2173_chick1"
"715",2173,"C5H7272",2023,1,"AM",1,1,58,"11:21","E_37_1","ND_0437",1,"E22023",1,1,0,NA,NA,NA,"2173_AM"
"716",2180,NA,2023,2,"chick1",2,1,59,"09:40","E_43a_3","ND_0487",1,"E22023",1,1,1,NA,NA,NA,"2180_chick1"
"717",2180,"B5K0234",2023,2,"AM",1,1,59,"07:52","E_43a_1","ND_0491",1,"E22023",1,1,1,36,2.53333333333333,1,"2180_AM"
"718",2180,"B5K0237",2023,2,"AF",0,1,59,"08:45","E_43a_2","ND_0467",1,"E22023",1,1,1,48,3.41666666666667,1,"2180_AF"
"719",2181,NA,2023,1,"chick2",2,1,66,"08:03","E_44_4","ND_0816",1,"E22023",1,1,0,NA,NA,NA,"2181_chick2"
"720",2181,"CS87131",2023,1,"AM",1,1,62,"13:15","E_44_1","ND_0753",1,"E22023",1,1,1,36,7.95,1,"2181_AM"
"721",2185,NA,2023,1,"chick1",2,2,58,"13:42","E_46_3","ND_0502",1,"E22023",1,1,0,NA,NA,NA,"2185_chick1"
"722",2185,"CS87156",2023,1,"AM",1,1,58,"10:58","E_46_1","ND_0421",1,"E22023",1,1,1,46,5.61666666666667,1,"2185_AM"
"723",2187,NA,2023,1,"chick2",2,4,63,"11:25","E_47_4A","ND_0594",1,"E22023",1,1,0,NA,NA,NA,"2187_chick2"
"724",2187,"CS87970",2023,1,"AM",1,1,58,"11:03","E_47_1","ND_0439",1,"E22023",1,1,1,89,5.7,2,"2187_AM"
"725",2195,"C3F7436",2023,1,"AM",1,1,70,"08:21","E_52_1","ND_0706",5,"E22023",1,1,0,46,3.11666666666667,1,"2195_AM"
"726",2195,NA,2023,1,"chick2",2,3,74,"08:57","E_52_4","ND_0736",5,"E22023",1,1,0,NA,NA,NA,"2195_chick2"
"727",2197,"CS87545",2023,1,"AM",1,1,62,"12:57","E_54_1","ND_0842",1,"E22023",1,1,0,NA,NA,NA,"2197_AM"
"728",2197,"C5H7482",2023,1,"AF",0,1,63,"10:24","E_54_2","ND_0669",1,"E22023",1,1,0,68,5.11666666666667,1,"2197_AF"
"729",2198,NA,2023,2,"chick2",2,1,64,"10:20","E_55_4","ND_0568",1,"E22023",1,1,0,NA,NA,NA,"2198_chick2"
"730",2200,"C5A0759",2023,1,"AM",1,1,75,"07:45","E_57_1","ND_0715",5,"E22023",1,1,1,24,2.53333333333333,1,"2200_AM"
"731",2200,"C5A0754",2023,1,"AF",0,1,75,"08:22","E_57_2","ND_0792",5,"E22023",1,1,1,46,3.15,1,"2200_AF"
"732",2202,NA,2023,1,"chick1",2,2,59,"09:20","E_58_3","ND_0456",1,"E22023",1,1,0,NA,NA,NA,"2202_chick1"
"733",2202,"C5H7150",2023,1,"AF",0,1,59,"07:38","E_58_2","ND_0473",1,"E22023",1,1,1,63,2.3,1,"2202_AF"
"734",2206,"C5H7861",2023,1,"AM",1,1,64,"08:26","E_60_1","ND_0564",1,"E22023",1,1,1,33,3.1,1,"2206_AM"
"735",2208,NA,2023,1,"chick1",2,1,57,"14:00","E_61_3","ND_0395",1,"E22023",1,1,0,NA,NA,NA,"2208_chick1"
"736",2208,NA,2023,1,"chick2",2,1,62,"12:06","E_61_4","ND_0831",1,"E22023",1,1,0,NA,NA,NA,"2208_chick2"
"737",2210,NA,2023,1,"chick1",2,2,58,"09:07","E_62_3","ND_0434",1,"E22023",1,1,0,NA,NA,NA,"2210_chick1"
"738",2210,"C5H7269",2023,1,"AF",0,1,58,"07:53","E_62_2","ND_0452",1,"E22023",1,1,1,66,2.53333333333333,1,"2210_AF"
"739",2210,NA,2023,1,"chick2",2,1,62,"08:45","E_62_4","ND_0843",1,"E22023",1,1,0,NA,NA,NA,"2210_chick2"
"740",2212,NA,2023,1,"chick1",2,1,64,"09:55","E_63_3","ND_0563",1,"E22023",1,1,0,NA,NA,NA,"2212_chick1"
"741",2212,"C5H8001",2023,1,"AF",0,1,65,"08:21","E_63_2","ND_0566",1,"E22023",1,1,1,75,3.08333333333333,1,"2212_AF"
"742",2214,"C5H8433",2023,1,"AM",1,1,63,"09:05","E_64_1","ND_0587",1,"E22023",1,1,1,61,3.8,1,"2214_AM"
"743",2214,NA,2023,1,"chick2",2,1,67,"10:44","E_64_4","ND_0814",1,"E22023",1,1,0,NA,NA,NA,"2214_chick2"
"744",2214,"C5H8432",2023,1,"AF",0,1,63,"08:25","E_64_2","ND_0576",1,"E22023",1,1,1,69,3.13333333333333,1,"2214_AF"
"745",2217,NA,2023,1,"chick2",2,1,60,"13:29","E_67_4","ND_0512",1,"E22023",1,1,0,NA,NA,NA,"2217_chick2"
"746",2217,"C5A0763",2023,1,"AF",0,1,58,"08:00","E_67_2","ND_0413",1,"E22023",1,1,0,5,2.65,1,"2217_AF"
"747",2217,"C5H8402",2023,1,"AM",1,1,57,"13:29","E_67_1","ND_0343",1,"E22023",1,1,0,96,8.11666666666667,1,"2217_AM"
"748",2219,"C5H7271",2023,1,"AF",0,1,58,"09:17","E_69_2","ND_0446",1,"E22023",1,1,0,71,3.93333333333333,1,"2219_AF"
"749",2219,"C5H7270",2023,1,"AM",1,1,58,"08:06","E_69_1","ND_0449",1,"E22023",1,1,0,44,2.75,1,"2219_AM"
"750",2220,"CS87457",2023,1,"AM",1,1,63,"08:40","E_70_1","ND_0661",1,"E22023",1,1,0,53,3.38333333333333,1,"2220_AM"
"751",2220,"C5H7481",2023,1,"AF",0,1,63,"08:10","E_70_2","ND_0699",1,"E22023",1,1,0,70,2.88333333333333,1,"2220_AF"
"752",2221,NA,2023,2,"chick1",2,1,53,"13:02","F_01_3","ND_0213",1,"F12023",1,0,0,NA,NA,NA,"2221_chick1"
"753",2221,NA,2023,2,"chick2",2,1,58,"14:23","F_01_4","ND_0445",1,"F12023",1,0,0,NA,NA,NA,"2221_chick2"
"754",2222,NA,2023,2,"chick2",2,1,60,"14:25","F_02_4","ND_0542",1,"F12023",1,0,0,NA,NA,NA,"2222_chick2"
"755",2570,"B5K0617",2024,2,"AM",1,1,44,"14:38","F_02_1","ND_1114",1,"F12024",0,0,0,42,9.05,2,"2570_AM"
"756",2222,"B4P0825",2023,2,"AF",0,1,55,"08:45","F_02_2","ND_0305",1,"F12023",1,0,0,86,3.35,4,"2222_AF"
"757",2222,NA,2023,2,"chick1",2,1,55,"09:12","F_02_3A","ND_0277",1,"F12023",1,0,0,NA,NA,NA,"2222_chick1"
"758",2222,NA,2023,2,"chick1",2,1,55,"09:12","F_02_3B","ND_0272",1,"F12023",1,0,0,NA,NA,NA,"2222_chick1"
"759",2570,NA,2024,2,"chick1",2,2,44,"14:44","F_02_3","ND_1107",1,"F12024",0,0,0,NA,NA,NA,"2570_chick1"
"760",2571,"B5K0103",2024,2,"AF",0,1,38,"07:48","F_03_2","ND_0926",1,"F12024",0,0,0,43,2.06666666666667,1,"2571_AF"
"761",2571,"B5K0104",2024,2,"AM",1,1,38,"08:19","F_03_1","ND_1150",1,"F12024",0,0,0,43,2.58333333333333,1,"2571_AM"
"762",2572,NA,2024,2,"chick1",2,3,42,"08:53","F_04_3","ND_1012",1,"F12024",0,0,0,NA,NA,NA,"2572_chick1"
"763",2572,"B5K0105",2024,2,"AF",0,1,42,"08:22","F_04_2","ND_0974",1,"F12024",0,0,0,46,2.73333333333333,1,"2572_AF"
"764",2224,"B5G6661",2023,2,"AF",0,1,58,"08:28","F_04_2","ND_0406",1,"F12023",1,0,0,42,3.11666666666667,1,"2224_AF"
"765",2572,"B5K0226",2024,2,"AM",1,1,42,"07:53","F_04_1","ND_0946",1,"F12024",0,0,0,30,2.25,1,"2572_AM"
"766",2574,"B5K0559",2024,2,"AM",1,1,37,"10:42","F_06_1","ND_0902",1,"F12024",0,0,0,40,4.95,1,"2574_AM"
"767",2574,NA,2024,2,"chick2",2,2,42,"15:00","F_06_4","ND_0994",1,"F12024",0,0,0,NA,NA,NA,"2574_chick2"
"768",2574,"B5G6703",2024,2,"AF",0,1,37,"11:06","F_06_2","ND_0908",1,"F12024",0,0,0,47,5.35,1,"2574_AF"
"769",2574,NA,2024,2,"chick1",2,2,37,"08:07","F_06_3","ND_0906",1,"F12024",0,0,0,NA,NA,NA,"2574_chick1"
"770",2228,NA,2023,1,"chick1",2,1,49,"12:06","F_08_3","ND_0058",1,"F12023",1,0,0,NA,NA,NA,"2228_chick1"
"771",2228,"C3F7357",2023,1,"AM",1,1,49,"11:04","F_08_1","ND_0053",1,"F12023",1,0,0,35,5.56666666666667,2,"2228_AM"
"772",2230,NA,2023,2,"chick2",2,4,63,"11:09","F_10_4A","ND_0685",1,"F12023",1,0,0,NA,NA,NA,"2230_chick2"
"773",2231,"C3M0269",2023,1,"AM",1,1,66,"10:54","F_11_1","ND_0817",1,"F12023",1,0,0,76,5.1,3,"2231_AM"
"774",2580,NA,2024,1,"chick1",2,1,38,"10:10","F_12_3","ND_1147",1,"F12024",0,0,0,NA,NA,NA,"2580_chick1"
"775",2232,NA,2023,2,"chick2",2,4,63,"11:43","F_12_4A","ND_0665",1,"F12023",1,0,0,NA,NA,NA,"2232_chick2"
"776",2580,NA,2024,1,"chick2",2,2,41,"12:29","F_12_4","ND_1062",1,"F12024",0,0,0,NA,NA,NA,"2580_chick2"
"777",2580,"C5H8446",2024,1,"AF",0,1,38,"09:30","F_12_2","ND_1142",1,"F12024",0,0,0,42,3.76666666666667,2,"2580_AF"
"778",2580,"C3M0269",2024,1,"AM",1,1,38,"10:10","F_12_1","ND_1144",1,"F12024",0,0,0,90,4.43333333333333,4,"2580_AM"
"779",2232,NA,2023,2,"chick1",2,1,58,"10:07","F_12_3","ND_0425",1,"F12023",1,0,0,NA,NA,NA,"2232_chick1"
"780",2232,"B4P1638",2023,2,"AF",0,1,61,"12:11","F_12_2","ND_0546",1,"F12023",1,0,0,51,6.86666666666667,3,"2232_AF"
"781",2233,NA,2023,1,"chick1",2,2,60,"14:49","F_13_3","ND_0538",1,"F12023",1,0,0,NA,NA,NA,"2233_chick1"
"782",2581,NA,2024,2,"chick1",2,2,39,"12:54","F_13_3","ND_1081",1,"F12024",0,0,0,NA,NA,NA,"2581_chick1"
"783",2582,NA,2024,1,"chick1",2,1,42,"09:21","F_14_3","ND_0992",1,"F12024",0,0,0,NA,NA,NA,"2582_chick1"
"784",2234,NA,2023,1,"chick2",2,1,60,"14:31","F_14_4","ND_0559",1,"F12023",1,0,0,NA,NA,NA,"2234_chick2"
"785",2582,NA,2024,1,"chick2",2,1,46,"10:18","F_14_4","ND_1185",1,"F12024",0,0,0,NA,NA,NA,"2582_chick2"
"786",2234,"C5H7417",2023,1,"AF",0,1,56,"11:15","F_14_2","ND_0229",1,"F12023",1,0,0,101,5.86666666666667,1,"2234_AF"
"787",2582,"C3F7359",2024,1,"AM",1,1,43,"08:19","F_14_1","ND_0981",1,"F12024",0,0,0,79,2.7,2,"2582_AM"
"788",2234,"C3F7764",2023,1,"AM",1,1,58,"07:12","F_14_1","ND_0417",1,"F12023",1,0,0,37,1.85,2,"2234_AM"
"789",2583,NA,2024,2,"chick2",2,1,58,"11:50","F_15_4","ND_1275",1,"F12024",0,0,0,NA,NA,NA,"2583_chick2"
"790",2236,NA,2023,2,"chick1",2,1,59,"12:54","F_16_3B","ND_0625",1,"F12023",1,0,0,NA,NA,NA,"2236_chick1"
"791",2236,NA,2023,2,"chick1",2,1,59,"12:54","F_16_3A","ND_0615",1,"F12023",1,0,0,NA,NA,NA,"2236_chick1"
"792",2238,NA,2023,2,"chick1",2,1,67,"11:06","F_18_3","ND_0787",5,"F12023",1,0,0,NA,NA,NA,"2238_chick1"
"793",2239,"C3F7370",2023,1,"AF",0,1,56,"13:18","F_19_2","ND_0267",1,"F12023",1,0,0,85,7.91666666666667,3,"2239_AF"
"794",2239,"CS87499",2023,1,"AM",1,1,56,"14:15","F_19_1","ND_0232",1,"F12023",1,0,0,42,8.86666666666667,2,"2239_AM"
"795",2242,NA,2023,1,"chick1",2,1,54,"08:59","F_22_3","ND_0199",1,"F12023",1,0,0,NA,NA,NA,"2242_chick1"
"796",2243,NA,2023,2,"chick1",2,2,67,"11:15","F_23_3","ND_0811",5,"F12023",1,0,0,NA,NA,NA,"2243_chick1"
"797",2243,"B5G6531",2023,2,"AM",1,1,68,"10:51","F_23_1","ND_0770",5,"F12023",1,0,0,43,5.6,1,"2243_AM"
"798",2243,"B4P0864",2023,2,"AF",0,1,67,"10:24","F_23_2","ND_0813",5,"F12023",1,0,0,30,5.15,2,"2243_AF"
"799",2245,NA,2023,1,"chick2",2,2,60,"15:00","F_25_4","ND_0523",1,"F12023",1,0,0,NA,NA,NA,"2245_chick2"
"800",2245,NA,2023,1,"chick1",2,2,56,"12:05","F_25_3B","ND_0257",1,"F12023",1,0,0,NA,NA,NA,"2245_chick1"
"801",2245,"C5H7343",2023,1,"AM",1,1,58,"07:30","F_25_1","ND_0402",1,"F12023",1,0,0,68,2.15,1,"2245_AM"
"802",2247,NA,2023,2,"chick1",2,1,58,"10:35","F_27_3","ND_0441",1,"F12023",1,0,0,NA,NA,NA,"2247_chick1"
"803",2247,"B5K0674",2023,2,"AF",0,1,61,"12:45","F_27_2","ND_0624",1,"F12023",1,0,0,47,7.43333333333333,1,"2247_AF"
"804",2248,NA,2023,2,"chick2",2,1,63,"12:33","F_28_4B","ND_0688",1,"F12023",1,0,0,NA,NA,NA,"2248_chick2"
"805",2248,NA,2023,2,"chick2",2,2,63,"12:33","F_28_4A","ND_0658",1,"F12023",1,0,0,NA,NA,NA,"2248_chick2"
"806",2250,NA,2023,2,"chick1",2,1,57,"17:02","F_30_3B","ND_0356",1,"F12023",1,0,0,NA,NA,NA,"2250_chick1"
"807",2250,NA,2023,2,"chick1",2,1,57,"17:02","F_30_3A","ND_0372",1,"F12023",1,0,0,NA,NA,NA,"2250_chick1"
"808",2250,"B5G6596",2023,2,"AM",1,1,59,"10:00","F_30_1","ND_0609",1,"F12023",1,0,0,36,4.66666666666667,1,"2250_AM"
"809",2600,"CS87446",2024,1,"AM",1,1,42,"12:57","F_32_1","ND_0929",1,"F12024",0,0,0,71,7.31666666666667,2,"2600_AM"
"810",2252,NA,2023,1,"chick1",2,1,54,"08:48","F_32_3B","ND_0197",1,"F12023",1,0,0,NA,NA,NA,"2252_chick1"
"811",2252,NA,2023,1,"chick1",2,1,54,"08:48","F_32_3A","ND_0203",1,"F12023",1,0,0,NA,NA,NA,"2252_chick1"
"812",2253,"B5K1339",2023,2,"AF",0,1,64,"11:00","F_33_2","ND_0591",1,"F12023",1,0,0,63,5.71666666666667,1,"2253_AF"
"813",2253,"B5K1450",2023,2,"AM",1,1,66,"09:54","F_33_1","ND_0791",1,"F12023",1,0,0,66,4.63333333333333,1,"2253_AM"
"814",2253,NA,2023,2,"chick2",2,4,68,"11:30","F_33_4B","ND_0798",1,"F12023",1,0,0,NA,NA,NA,"2253_chick2"
"815",2602,"C5H8220",2024,1,"AF",0,1,44,"13:13","F_34_2","ND_1200",1,"F12024",0,0,0,90,7.63333333333333,1,"2602_AF"
"816",2602,"CS87499",2024,1,"AM",1,1,44,"12:54","F_34_1","ND_1199",1,"F12024",0,0,0,63,7.31666666666667,3,"2602_AM"
"817",2603,"B5K0107",2024,2,"AF",0,1,42,"13:17","F_35_2","ND_1011",1,"F12024",0,0,0,51,7.65,1,"2603_AF"
"818",2255,"B4P0854",2023,2,"AM",1,1,59,"12:34","F_35_1","ND_0636",1,"F12023",1,0,0,NA,NA,NA,"2255_AM"
"819",2603,NA,2024,2,"chick1",2,1,40,"16:32","F_35_3","ND_0958",1,"F12024",0,0,0,NA,NA,NA,"2603_chick1"
"820",2255,NA,2023,2,"chick1",2,2,59,"12:42","F_35_3C","ND_0622",1,"F12023",1,0,0,NA,NA,NA,"2255_chick1"
"821",2603,NA,2024,2,"chick2",2,4,45,"11:09","F_35_4","ND_1222",1,"F12024",0,0,0,NA,NA,NA,"2603_chick2"
"822",2606,"C3F7391",2024,1,"AM",1,1,39,"09:28","F_38_1","ND_1091",1,"F22024",1,1,0,48,3.76666666666667,1,"2606_AM"
"823",2606,NA,2024,1,"chick1",2,1,38,"11:52","F_38_3","ND_1149",1,"F22024",1,1,0,NA,NA,NA,"2606_chick1"
"824",2261,"CS87091",2023,1,"AM",1,1,62,"11:49","F_40_1","ND_0593",1,"F22023",1,1,0,51,6.51666666666667,1,"2261_AM"
"825",2261,NA,2023,1,"chick2",2,1,66,"09:43","F_40_4","ND_0809",1,"F22023",1,1,0,NA,NA,NA,"2261_chick2"
"826",2263,"C5H7402",2023,1,"AF",0,1,55,"10:44","F_42_2","ND_0295",1,"F22023",1,1,0,48,5.33333333333333,1,"2263_AF"
"827",2263,NA,2023,1,"chick2",2,2,59,"13:45","F_42_4","ND_0644",1,"F22023",1,1,0,NA,NA,NA,"2263_chick2"
"828",2268,"C5H7401",2023,1,"AM",1,1,55,"10:38","F_45_1","ND_0282",1,"F22023",1,1,1,71,5.23333333333333,1,"2268_AM"
"829",2268,"C3F7744",2023,1,"AF",0,1,57,"11:22","F_45_2","ND_0323",1,"F22023",1,1,1,84,6,2,"2268_AF"
"830",2268,NA,2023,1,"chick1",2,1,55,"10:40","F_45_3","ND_0275",1,"F22023",1,1,0,NA,NA,NA,"2268_chick1"
"831",2270,"C3F7557",2023,1,"AM",1,1,55,"10:24","F_46_1","ND_0284",1,"F22023",1,1,1,81,5,1,"2270_AM"
"832",2270,NA,2023,1,"chick2",2,3,59,"13:26","F_46_4A","ND_0635",1,"F22023",1,1,0,NA,NA,NA,"2270_chick2"
"833",2270,"C5A0796",2023,1,"AF",0,1,55,"11:15","F_46_2","ND_0321",1,"F22023",1,1,1,76,5.85,1,"2270_AF"
"834",2270,NA,2023,1,"chick2",2,1,59,"13:26","F_46_4B","ND_0612",1,"F22023",1,1,0,NA,NA,NA,"2270_chick2"
"835",2272,"C5A0059",2023,1,"AM",1,1,57,"13:02","F_47_1","ND_0346",1,"F22023",1,1,1,44,7.66666666666667,1,"2272_AM"
"836",2272,NA,2023,1,"chick1",2,2,57,"13:03","F_47_3B","ND_0326",1,"F22023",1,1,0,NA,NA,NA,"2272_chick1"
"837",2272,NA,2023,1,"chick2",2,1,61,"10:34","F_47_4A","ND_0540",1,"F22023",1,1,0,NA,NA,NA,"2272_chick2"
"838",2272,NA,2023,1,"chick2",2,1,61,"10:34","F_47_4B","ND_0516",1,"F22023",1,1,0,NA,NA,NA,"2272_chick2"
"839",2272,"C3F7417",2023,1,"AF",0,1,57,"11:30","F_47_2","ND_0428",1,"F22023",1,1,1,71,6.13333333333333,2,"2272_AF"
"840",2272,NA,2023,1,"chick1",2,1,57,"13:03","F_47_3C","ND_0327",1,"F22023",1,1,0,NA,NA,NA,"2272_chick1"
"841",2272,NA,2023,1,"chick2",2,1,61,"10:34","F_47_4C","ND_0603",1,"F22023",1,1,0,NA,NA,NA,"2272_chick2"
"842",2273,"B5K1466",2023,2,"AF",0,1,70,"08:40","F_47a_2","ND_0726",5,"F22023",1,1,1,66,3.43333333333333,1,"2273_AF"
"843",2620,"B5G7497",2024,2,"AM",1,1,44,"09:57","F_47a_1","ND_1219",1,"F22024",1,1,1,59,4.36666666666667,2,"2620_AM"
"844",2620,NA,2024,2,"chick1",2,3,44,"10:38","F_47a_3","ND_1237",1,"F22024",1,1,1,NA,NA,NA,"2620_chick1"
"845",2620,"B5G6595",2024,2,"AF",0,1,44,"10:22","F_47a_2","ND_1247",1,"F22024",1,1,1,30,4.78333333333333,2,"2620_AF"
"846",2273,"B5K0767",2023,2,"AM",1,1,69,"09:58","F_47a_1","ND_0710",5,"F22023",1,1,1,50,4.73333333333333,1,"2273_AM"
"847",2621,"CS87527",2024,1,"AM",1,1,48,"09:10","F_48_1","ND_1295",1,"F22024",1,1,1,23,3.66666666666667,3,"2621_AM"
"848",2274,"CS87925",2023,1,"AF",0,1,57,"12:37","F_48_2","ND_0344",1,"F22023",1,1,1,85,7.25,1,"2274_AF"
"849",2274,NA,2023,1,"chick2",2,1,61,"11:17","F_48_4","ND_0521",1,"F22023",1,1,0,NA,NA,NA,"2274_chick2"
"850",2621,"C5H7697",2024,1,"AF",0,1,47,"09:16","F_48_2","ND_1170",1,"F22024",1,1,1,91,3.61666666666667,1,"2621_AF"
"851",2274,NA,2023,1,"chick1",2,1,57,"13:09","F_48_3","ND_0423",1,"F22023",1,1,0,NA,NA,NA,"2274_chick1"
"852",2623,"C5H8342",2024,1,"AM",1,1,39,"08:49","F_49_1","ND_1073",1,"F22024",1,1,1,68,3.11666666666667,1,"2623_AM"
"853",2276,"C5H7082",2023,1,"AF",0,1,52,"14:38","F_49_2","ND_0129",1,"F22023",1,1,1,76,9.18333333333333,1,"2276_AF"
"854",2623,"C5H7082",2024,1,"AF",0,1,39,"09:02","F_49_2","ND_1025",1,"F22024",1,1,1,82,3.33333333333333,2,"2623_AF"
"855",2623,NA,2024,1,"chick1",2,1,38,"11:36","F_49_3","ND_0928",1,"F22024",1,1,1,NA,NA,NA,"2623_chick1"
"856",2276,"C5H7081",2023,1,"AM",1,1,52,"13:30","F_49_1","ND_0132",1,"F22023",1,1,1,6,8.05,1,"2276_AM"
"857",2624,NA,2024,2,"chick2",2,3,54,"09:15","F_49a_4","ND_1152",1,"F22024",1,1,1,NA,NA,NA,"2624_chick2"
"858",2624,NA,2024,2,"chick1",2,3,49,"09:55","F_49a_3","ND_1129",1,"F22024",1,1,1,NA,NA,NA,"2624_chick1"
"859",2278,NA,2023,2,"chick1",2,1,69,"10:37","F_50_3","ND_0709",1,"F22023",1,1,0,NA,NA,NA,"2278_chick1"
"860",2278,"B5K0766",2023,2,"AM",1,1,69,"09:25","F_50_1","ND_0708",1,"F22023",1,1,0,62,4.18333333333333,1,"2278_AM"
"861",2278,"B4P0595",2023,2,"AF",0,1,69,"08:48","F_50_2","ND_0731",1,"F22023",1,1,0,66,3.56666666666667,3,"2278_AF"
"862",2625,NA,2024,2,"chick2",2,2,50,"10:28","F_50_4","ND_1020",1,"F22024",1,1,0,NA,NA,NA,"2625_chick2"
"863",2625,"B5K0063",2024,2,"AF",0,1,45,"12:20","F_50_2","ND_1213",1,"F22024",1,1,0,41,6.76666666666667,1,"2625_AF"
"864",2278,NA,2023,2,"chick2",2,1,74,"08:05","F_50_4","ND_0724",1,"F22023",1,1,0,NA,NA,NA,"2278_chick2"
"865",2626,"C5H7460",2024,1,"AM",1,1,43,"09:30","F_51_1","ND_1157",1,"F22024",1,1,0,75,3.88333333333333,2,"2626_AM"
"866",2627,NA,2024,2,"chick1",2,2,42,"12:08","F_52_3","ND_0965",1,"F22024",1,1,0,NA,NA,NA,"2627_chick1"
"867",2283,NA,2023,1,"chick1",2,1,57,"13:30","F_53_3","ND_0347",1,"F22023",1,1,0,NA,NA,NA,"2283_chick1"
"868",2283,"C3F7421",2023,1,"AM",1,1,57,"12:07","F_53_1","ND_0322",1,"F22023",1,1,0,63,6.75,1,"2283_AM"
"869",2283,"C3F7427",2023,1,"AF",0,1,57,"13:25","F_53_2","ND_0324",1,"F22023",1,1,0,53,8.05,1,"2283_AF"
"870",2287,NA,2023,1,"chick1",2,1,56,"13:24","F_55_3C","ND_0243",1,"F22023",1,1,0,NA,NA,NA,"2287_chick1"
"871",2287,NA,2023,1,"chick2",2,1,60,"15:34","F_55_4","ND_0515",1,"F22023",1,1,0,NA,NA,NA,"2287_chick2"
"872",2287,NA,2023,1,"chick1",2,3,56,"13:24","F_55_3A","ND_0264",1,"F22023",1,1,0,NA,NA,NA,"2287_chick1"
"873",2287,NA,2023,1,"chick1",2,1,56,"13:24","F_55_3B","ND_0263",1,"F22023",1,1,0,NA,NA,NA,"2287_chick1"
"874",2287,"C5H7142",2023,1,"AM",1,1,56,"11:56","F_55_1","ND_0248",1,"F22023",1,1,0,40,6.55,1,"2287_AM"
"875",2289,NA,2023,2,"chick2",2,1,63,"11:30","F_56_4A","ND_0655",1,"F22023",1,1,0,NA,NA,NA,"2289_chick2"
"876",2289,"B5K0718",2023,2,"AF",0,1,58,"10:54","F_56_2","ND_0415",1,"F22023",1,1,0,83,5.55,1,"2289_AF"
"877",2289,NA,2023,2,"chick2",2,1,63,"11:30","F_56_4B","ND_0656",1,"F22023",1,1,0,NA,NA,NA,"2289_chick2"
"878",2290,NA,2023,1,"chick1",2,1,54,"10:30","F_57_3B","ND_0189",1,"F22023",1,1,0,NA,NA,NA,"2290_chick1"
"879",2290,NA,2023,1,"chick1",2,1,54,"10:30","F_57_3A","ND_0182",1,"F22023",1,1,0,NA,NA,NA,"2290_chick1"
"880",2290,"C5H7237",2023,1,"AM",1,1,54,"09:59","F_57_1","ND_0210",1,"F22023",1,1,1,78,4.56666666666667,1,"2290_AM"
"881",2290,"C5H7238",2023,1,"AF",0,1,54,"09:59","F_57_2","ND_0208",1,"F22023",1,1,1,108,4.56666666666667,1,"2290_AF"
"882",2292,NA,2023,1,"chick2",2,NA,63,"10:50","F_58_4","ND_0667",1,"F22023",1,1,0,NA,NA,NA,"2292_chick2"
"883",2292,NA,2023,1,"chick1",2,1,59,"08:40","F_58_3","ND_0621",1,"F22023",1,1,1,NA,NA,NA,"2292_chick1"
"884",2292,"C5H7443",2023,1,"AM",1,1,59,"08:05","F_58_1","ND_0611",1,"F22023",1,1,1,40,2.75,1,"2292_AM"
"885",2293,NA,2023,2,"chick1",2,1,58,"13:34","F_58a_3","ND_0407",1,"F22023",1,1,1,NA,NA,NA,"2293_chick1"
"886",2321,NA,2023,1,"chick1",2,1,77,"08:42","F_59_3","ND_0752",5,"F22023",1,1,0,NA,NA,NA,"2321_chick1"
"887",2321,"C5H7878",2023,1,"AF",0,1,77,"09:13","F_59_2","ND_0829",5,"F22023",1,1,1,67,4,1,"2321_AF"
"888",2295,NA,2023,2,"chick2",2,2,66,"08:05","F_59a_4B","ND_0802",1,"F22023",1,1,1,NA,NA,NA,"2295_chick2"
"889",2295,"B4P1639",2023,2,"AM",1,1,61,"09:45","F_59a_1","ND_0645",1,"F22023",1,1,1,64,4.43333333333333,3,"2295_AM"
"890",2295,NA,2023,2,"chick2",2,3,66,"08:05","F_59a_4A","ND_0805",1,"F22023",1,1,1,NA,NA,NA,"2295_chick2"
"891",2296,"CS87563",2023,1,"AF",0,1,63,"08:39","F_60_2","ND_0697",1,"F22023",1,1,1,46,3.36666666666667,2,"2296_AF"
"892",2296,NA,2023,1,"chick1",2,2,63,"09:35","F_60_3A","ND_0673",1,"F22023",1,1,1,NA,NA,NA,"2296_chick1"
"893",2638,"C3F7427",2024,1,"AF",0,1,39,"08:36","F_60_2","ND_1082",1,"F22024",1,1,1,65,2.9,2,"2638_AF"
"894",2297,NA,2023,1,"chick1",2,2,31,"09:38","F_60a_3","ND_0623",1,"F22023",1,1,1,NA,NA,NA,"2297_chick1"
"895",2297,"C5H7460",2023,1,"AM",1,1,61,"08:56","F_60a_1","ND_0639",1,"F22023",1,1,1,31,3.61666666666667,1,"2297_AM"
"896",2298,NA,2023,1,"chick2",2,2,55,"14:34","F_61_4B","ND_0290",1,"F22023",1,1,0,NA,NA,NA,"2298_chick2"
"897",2298,"CS87948",2023,1,"AF",0,1,51,"16:18","F_61_2","ND_0141",1,"F22023",1,1,1,NA,NA,NA,"2298_AF"
"898",2298,NA,2023,1,"chick1",2,1,51,"16:53","F_61_3","ND_0152",1,"F22023",1,1,0,NA,NA,NA,"2298_chick1"
"899",2642,NA,2024,1,"chick1",2,1,42,"11:59","F_62_3","ND_0993",1,"F22024",1,1,0,NA,NA,NA,"2642_chick1"
"900",2300,"C5H7386",2023,1,"AF",0,1,61,"08:00","F_62_2","ND_0553",1,"F22023",1,1,1,59,2.68333333333333,1,"2300_AF"
"901",2642,"C5H7514",2024,1,"AM",1,1,42,"10:51","F_62_1","ND_0937",1,"F22024",1,1,1,63,5.21666666666667,1,"2642_AM"
"902",2302,NA,2023,1,"chick2",2,1,66,"08:45","F_63_4B","ND_0741",1,"F22023",1,1,0,NA,NA,NA,"2302_chick2"
"903",2302,NA,2023,1,"chick2",2,2,66,"08:45","F_63_4A","ND_0819",1,"F22023",1,1,0,NA,NA,NA,"2302_chick2"
"904",2303,NA,2023,2,"chick1",2,1,57,"16:20","F_63a_3B","ND_0370",1,"F22023",1,1,1,NA,NA,NA,"2303_chick1"
"905",2303,"B5G6603",2023,2,"AF",0,1,57,"15:37","F_63a_2","ND_0345",1,"F22023",1,1,1,38,10.25,2,"2303_AF"
"906",2303,NA,2023,2,"chick1",2,1,57,"16:20","F_63a_3C","ND_0366",1,"F22023",1,1,1,NA,NA,NA,"2303_chick1"
"907",2645,NA,2024,2,"chick1",2,2,39,"10:52","F_63a_3","ND_1063",1,"F22024",1,1,1,NA,NA,NA,"2645_chick1"
"908",2303,NA,2023,2,"chick1",2,1,57,"16:20","F_63a_3A","ND_0328",1,"F22023",1,1,1,NA,NA,NA,"2303_chick1"
"909",2645,NA,2024,2,"chick2",2,4,44,"11:41","F_63a_4","ND_1257",1,"F22024",1,1,1,NA,NA,NA,"2645_chick2"
"910",2305,NA,2023,2,"chick1",2,NA,59,"09:10","F_65_3","ND_0620",1,"F22023",1,1,0,NA,NA,NA,"2305_chick1"
"911",2306,"C5H8386",2023,1,"AF",0,1,67,"08:57","F_66_2","ND_0788",5,"F22023",1,1,0,63,3.68333333333333,1,"2306_AF"
"912",2306,NA,2023,1,"chick1",2,1,67,"08:56","F_66_3B","ND_0408",5,"F22023",1,1,0,NA,NA,NA,"2306_chick1"
"913",2308,NA,2023,1,"chick2",2,2,62,"09:01","F_68_4","ND_0610",1,"F22023",1,1,0,NA,NA,NA,"2308_chick2"
"914",2308,"C5A0855",2023,1,"AM",1,1,59,"08:00","F_68_1","ND_0616",1,"F22023",1,1,0,51,2.66666666666667,1,"2308_AM"
"915",2651,"B4P0067",2024,2,"AF",0,1,41,"10:15","F_69_2","ND_1071",1,"F22024",1,1,0,65,4.6,3,"2651_AF"
"916",2309,NA,2023,2,"chick1",2,2,68,"09:28","F_69_3","ND_0847",1,"F22023",1,1,0,NA,NA,NA,"2309_chick1"
"917",2309,"B5K1456",2023,2,"AF",0,1,68,"08:39","F_69_2","ND_0786",1,"F22023",1,1,0,44,3.4,1,"2309_AF"
"918",2309,"B4P1776",2023,2,"AM",1,1,68,"09:05","F_69_1","ND_0783",1,"F22023",1,1,0,47,3.83333333333333,2,"2309_AM"
"919",2310,"C5H7143",2023,1,"AM",1,1,56,"12:30","F_70_1","ND_0255",1,"F22023",1,1,0,70,7.11666666666667,1,"2310_AM"
"920",2310,"C5H7141",2023,1,"AF",0,1,56,"11:41","F_70_2","ND_0246",1,"F22023",1,1,0,64,6.3,1,"2310_AF"
"921",2652,NA,2024,1,"chick2",2,1,48,"10:00","F_70_4","ND_1296",1,"F22024",1,1,0,NA,NA,NA,"2652_chick2"
